digest_date,legacy_category,article_link,article_id,extraction_version,title,topic,topic_source,summary,summary_source,body,published_at,publisher,final_url,http_status,fetch_status,error,fetched_at_utc,source_file
2025-09-23,생산/임금 기사,https://www.dt.co.kr/article/12019437?ref=naver,5d745cbac20af0ff89aac3d0,2,[기획] 주5일 일해도 ‘4일제 국가’의 절반… 韓 노동생산성 민낯,산업,article_section,"주 4.5일 근무제 도입의 마중물 역할을 하겠다는 전국금융산업노동조합(이하 금융노조)의 총파업이 사흘 앞으로 다가왔다. 재계는 금융계를 시작으로 자동차 등 주요 제조업까지 근무시간 단축 요구가 거세지지 않을까 노심초사하고 있다. 이 와중에 정부까지 주4.5일제를 본격화 하겠다고 나서면서 분위기는 살얼음판이다. 이재명 대통령은 노사 자율로 이를 유도하겠다는 방침이지만, 기업들은 이 대통령의 언급만으로도 충분한 압박을 느끼고 있다. 재계에서는 노동생산성을 먼저 끌어올리지 않는 한 섣부른 주 4.5일제 도입은 경제 성장 동력만 약화시",json_ld_description,"대한상의 SGI 연구결과 발표
OECD 전체 36개국 중 22위
임금 4% ↑… 생산성 1.7% ‘찔끔’
노동집약·중소기업 타격 커
주 4.5일 근무제 도입의 마중물 역할을 하겠다는 전국금융산업노동조합(이하 금융노조)의 총파업이 사흘 앞으로 다가왔다. 재계는 금융계를 시작으로 자동차 등 주요 제조업까지 근무시간 단축 요구가 거세지지 않을까 노심초사하고 있다.
이 와중에 정부까지 주4.5일제를 본격화 하겠다고 나서면서 분위기는 살얼음판이다. 이재명 대통령은 노사 자율로 이를 유도하겠다는 방침이지만, 기업들은 이 대통령의 언급만으로도 충분한 압박을 느끼고 있다.
재계에서는 노동생산성을 먼저 끌어올리지 않는 한 섣부른 주 4.5일제 도입은 경제 성장 동력만 약화시킬 것이라고 우려하고 있다. 한국의 노동생산성은 주요국과 비교했을 때 중하위권에 불과하기 때문이다.
이와 관련, 대한상공회의소 지속성장이니셔티브(SGI)와 박정수 서강대 경제학과 교수가 22일 공동 발표한 ‘임금과 노동생산성 추이, 그리고 근로시간 단축의 영향’ 보고서에 따르면, 한국의 연간 노동생산성은 6만5000달러로 2023년 기준 경제협력개발기구(OECD) 36개국 중 22위에 머물렀다. 노동생산성은 취업자 1인당 국내총생산(GDP) 기준으로 계산했다.
SGI 등은 2018년 이후 우리나라의 임금 상승률이 생산성 증가율을 크게 앞서면서 노동생산성을 낮추고 있다고 지적했다. 보고서에 따르면, 2000~2017년 동안에는 연간 임금(명목)과 노동생산성(명목) 증가율이 각각 연평균 3.2% 늘어 비슷한 수준을 유지했다. 그러나 2018~2023년 기간엔 임금이 연평균 4.0% 오른 데 비해, 노동생산성은 1.7% 상승하는데 그쳤다.
그 결과 국내 노동생산성은 주 4일제를 도입한 벨기에(12만5000달러)·아이슬란드(14만4000달러)의 절반 수준에도 못 미쳤다. 마찬가지로 주 4일제를 시범 운영 중인 프랑스(9만9000달러)·독일(9만9000달러)·영국(10만1000달러)보다도 낮다.
경기침체에 비해 가파른 임금 상승세가 노동경쟁력을 약화시켰다는 게 연구진의 분석이다. 박 교수는 “연공서열형 임금체계, 최저임금의 급격한 인상, 법정근로시간 단축에 따른 초과수당 증가, 통상임금 판결 등 여러 요인으로 인해 지속적으로 상승해 온 결과”라고 분석했다.
이런 상황에서 임금 수준을 유지한 채 주 4.5제가 도입될 경우 국내 노동생산성을 더욱 취약해질 수밖에 없다는 결론이 나온다. 재계에서는 대미 관세 등 글로벌 불확실성이 커진 상황에서 수출 경쟁력을 더 떨어뜨릴 수 있다고 우려하고 있다.
보고서는 근로시간 단축을 위한 방안으로 “첨단산업에 대해 주 52시간 근무제 예외 적용 등 근로시간의 유연한 적용이 필요하다”며 “직무·성과 중심으로의 임금체계 개편, 취업규칙 변경절차 개선 등 인력 활용의 유연성을 높여야 한다”고 제언했다. 또 “중소·중견기업 도약을 위한 연구개발 인센티브 확대, 불합리한 규제 개선, 맞춤형 금융·세제 지원이 필요하다”고 덧붙였다.
김천구 대한상의 SGI 연구위원은 “경직된 노동시장과 연공서열형 임금체계 속에서 근로시간이 단축되면 경기 둔화기에는 생산성과 임금간 격차가 확대돼 기업 부담이 커질 것”이라며 “회복기에도 인건비 증가로 경영 애로가 가중될 수 있다”고 설명했다.
이어 “우리나라의 노동생산성이 선진국 대비 낮고 향상 속도마저 정체된 현실을 고려할 때 기업 경영환경 개선이 우선돼야 할 것”이라고 덧붙였다.
앞서 한국경영자총협회 역시 우리나라 시간당 노동생산성이 44.4 달러로 OECD 평균인 56.5달러에 못 미친다는 조사 결과를 내놓은 바 있다. 조사에 따르면 미국은 77.9달러, 독일은 68.1달러, 프랑스 65.8달러, 영국 60.1달러, 일본은 49.1달러였다.
익명을 요청한 한 제조 대기업 임원은 “주 4.5일제를 도입하면 당연히 생산성이 떨어질텐데, 그 만큼 임금도 삭감하겠다고 하면 누가 동의하겠는가”라며 “이 와중에 노사간 단체협상(단협)에서 이를 받아들이면 ‘1호 기업’이 되는데 누가 이 멍에를 쓰려고 하겠나”라고 말했다.
한편 전국금융산업노동조합(이하 금융노조)은 임금·단체협상을 놓고 오는 26일 총파업을 예고했다. 금융노조는 올해 산별중앙교섭에서 주 4.5일제 전면 도입과 함께 임금 5% 인상, 정년 연장, 신규 채용 확대 등을 제시했다. 사실상 임금은 증가하되, 근무시간을 줄여달라고 요구하고 있다.
노조는 4.5일제를 도입하는 대신 월요일부터 목요일까지 창구 영업시간을 오전 9시30분에서 오후 4시30분으로 지금보다 30분 늦추면 고객 불편이 오히려 줄어들 것이라고 주장하고 있다.",2025-09-22,디지털타임스,https://www.dt.co.kr/article/12019437?ref=naver,200,success,,2026-07-14T06:25:37.630646+00:00,news_production_wages.csv
2025-10-01,생산/임금 기사,https://www.khan.co.kr/article/202509302132015,24b214f131431a8b67c0dec8,2,"당정, ‘형법상 배임죄 폐지’ 공식화",경제,article_section,정부와 더불어민주당이 형법상 배임죄를 과도한 경제형벌로 보고 배임죄 폐지를 추진하겠다는 입장을 공식화했다. 하지만 배임죄 폐지 시 총수 일...,json_ld_description,"경제형벌 합리화 방안…시민사회 “총수 사익 편취 견제 약해져”
정부와 더불어민주당이 형법상 배임죄를 과도한 경제형벌로 보고 배임죄 폐지를 추진하겠다는 입장을 공식화했다. 하지만 배임죄 폐지 시 총수 일가와 경영진의 사익 추구 견제가 느슨해질 수 있다는 우려가 나온다.
소액주주의 기업 정보 접근권을 강화하는 증거개시제도(디스커버리) 등이 마련되지 않은 상황에서 배임죄 폐지부터 하는 것은 섣부르다는 지적도 있다.
당정은 30일 국회에서 열린 ‘경제형벌 민사책임 합리화 태스크포스(TF)’ 당정협의에서 총 110개 경제형벌 규정을 정비하는 ‘경제형벌 합리화 1차 방안’을 발표했다.
당정은 우선 배임죄 폐지를 기본 방향으로 정하고, 중요 범죄에 대한 처벌 공백이 발생하지 않도록 최대한 신속히 대체 입법을 하기로 했다. 김병기 민주당 원내대표는 “배임죄는 기업인의 정상적 경영 판단까지 범죄로 몰아 기업 운영과 투자에 부담을 줘왔다”며 “중요 범죄에 대한 처벌 공백이 없도록 대체 입법 등 실질적 개선 방안을 마련할 것”이라고 말했다.
최저임금법 위반 사업주, 주의의무 다했다면 면책
과징금 등 행정조치 우선…불이행 때 처벌하기로
아울러 당정은 손해에 대한 기업의 민사책임을 강화하고, 피해자가 효과적으로 구제받을 수 있도록 디스커버리 도입과 집단소송제 확대를 검토 중이다.
당정은 또 최저임금법 위반 시 불법 행위자와 법인을 함께 처벌하는 양벌규정을 손질한다. 충분한 주의의무를 다한 사업주가 면책을 받을 수 있도록 하는 것이다. 일부 형벌은 징벌적 손해배상이나 과징금으로 전환된다.
징역·벌금 등 형사처벌 중심의 형벌이 피해자 보호에는 미흡했다고 보고 형벌 대신 징벌적 손해배상 책임을 도입하거나 과징금을 부과하기로 했다.
또 단순한 실수나 규정 미숙지로 인해 전과자가 양산되는 것을 막기 위해 상대적으로 경미한 위반 행위에는 형벌 대신 과태료 등 행정제재가 부과된다. 예컨대 트럭 짐칸 크기 변경 등 경미한 튜닝을 한 뒤 승인받지 않고 운행했다면 지금은 징역 최대 1년과 벌금 최대 1000만원이 부과되지만 앞으로는 시정명령과 과태료 최대 1000만원으로 바뀐다.
시정명령 등 행정조치로 입법 목적을 달성할 수 있는 경우 형벌 대신 행정조치를 먼저 부과하고 이를 이행하지 않으면 처벌하기로 했다.
타 법과의 형평성 등을 감안해 형량을 완화하거나 경제형벌의 존치 필요성이 낮은 경우는 형벌을 폐지하기로 했다.
당정은 이번 개선안을 바탕으로 정기국회 내에 관련 법률의 일괄 개정을 추진하는 등 향후 1년 내 경제형벌 규정의 30%를 정비할 예정이다.
시민사회에선 배임죄 폐지 방침에 대한 우려의 목소리가 나온다.
참여연대는 “배임죄는 총수 일가와 경영진의 사익 편취를 막는 마지막 장치”라며 “배임죄 폐지는 소수 지배주주의 이익을 위해 다수 투자자와 국민 경제의 신뢰를 희생하는 것”이라고 지적했다.
이상훈 경북대 법학전문대학원 교수는 “장기적으로 경제형벌 축소에 공감하지만 디스커버리 등이 활성화되지 않은 상황에서 배임죄 폐지는 섣부르다”며 “계열사 간 내부거래의 공정성 입증 책임을 회사에 부과하는 등 대안 마련이 필요하다”고 말했다.",2025-09-30,KyungHyangSinmun,https://www.khan.co.kr/article/202509302132015,200,success,,2026-07-14T06:25:15.895334+00:00,news_production_wages.csv
2025-10-10,생산/임금 기사,https://www.hankyung.com/article/2025100997301,23c15cb6a0f4a6df40032be6,2,"""주휴수당은 韓·멕시코 등에만 있는 기형적 제도""",노동/취업,article_section,"""주휴수당은 韓·멕시코 등에만 있는 기형적 제도"", 美·佛·獨 등 주 1일 휴일만 보장 ILO에도 '유급' 규정은 없어 ""주4.5일제 도입하려면 폐지해야"" 정부는 초단기근로자로 확대 추진",meta_description,"""주휴수당은 韓·멕시코 등에만 있는 기형적 제도""
美·佛·獨 등 주 1일 휴일만 보장
ILO에도 '유급' 규정은 없어
""주4.5일제 도입하려면 폐지해야""
정부는 초단기근로자로 확대 추진
대법원이 단시간 근로자에게 주 5일 근무자와 같은 주휴수당을 지급하는 것은 불합리하다는 판단을 내리자 “이참에 세계적으로 드문 주휴수당 제도를 아예 폐지해야 한다”는 목소리가 힘을 얻고 있다. 특히 정부가 ‘주 4.5일 근무제’ 도입에 본격 시동을 걸면서 주휴수당 논란이 고용시장의 핵심 현안으로 부상하고 있다.
9일 경영계와 노동법학계에 따르면 미국 프랑스 독일 등 주요 선진국은 주간 하루 휴식을 법적으로 보장하지만 한국처럼 별도로 주휴수당을 지급하지 않는다. 국제노동기구(ILO) 협약 제106호 역시 ‘주 1일 휴일’을 부여하도록 했을 뿐 ‘유급’으로 하라는 규정은 찾아보기 어렵다. 노동계는 주휴수당이 ‘저임금 근로자의 최소 생활임금 장치’라며 폐지에 반대하고 있지만 한국을 제외하면 튀르키예, 브라질, 멕시코 등 소수 개발도상국에만 있는 기형적 제도라는 지적을 피하기 어렵다는 평가다.
주휴수당은 근로기준법 제55조에 따라 주 15시간 이상 일하는 근로자가 1주 소정 근로일수를 개근하면 하루의 ‘유급휴일’을 보장하는 제도다. 일본 노동기준법을 참고해 도입했지만 정작 일본은 노동시장 환경이 개선되자 30여 년 전 이 제도를 폐지했다.
주휴수당은 임금체계를 복잡하게 하는 원인으로도 꼽힌다. 하루 8시간 주 5일 일하는 직원의 한 달 실제 근로시간은 약 173.3시간이지만, ‘주휴 시간’을 감안하면 한 달 근로시간이 209시간으로 증가한다. 고용노동부가 공고하는 최저 시급과 월급이 다른 것도 이 때문이다.
소상공인들은 최근 정부가 주 4.5일제 도입 등 근로시간 단축을 추진하자 “불합리한 주휴수당 제도라도 폐지해야 한다”고 주장하고 있다. 송치영 소상공인연합회 회장은 지난 1일 서울 여의도에서 기자회견을 열고 “주휴수당이 유지된 채 주 4.5일제가 실시되면 (하루치 주휴수당을 포함해) 5.5일 치 기본급에 더해 휴일수당 및 초과근무 수당으로 1.5~2배의 임금을 더 지급해야 한다”고 지적했다. 이어 “내년도 최저임금에 주휴수당을 포함하면 1만2384원으로, 주휴수당이 추가 인건비 부담을 16.7% 증가시켰다”며 “주휴수당 폐지 없는 주 4.5일제를 반대하고자 100만 서명운동을 즉각적이고 강력하게 전개해 나갈 것”이라고 밝혔다.
하지만 정작 정부는 주휴수당 적용 대상을 초단시간 근로자(주 15시간 미만)에게까지 단계적으로 확대하는 방안을 추진하고 있어 논란은 계속될 전망이다. 정부는 편의점, 카페, 배달 등 ‘불안정 일자리’에 몰려 있는 초단시간 근로자 보호 강화와 노동시장 양극화 해소를 위해 이르면 2028년부터 초단시간 근로자에게 주휴수당을 확대 적용할 계획이다. 고용노동부는 이 경우 사업주에게 연간 1조3709억원(시급 1만30원 기준)의 추가 비용이 발생할 것으로 추산했다.
곽용희/장서우 기자 kyh@hankyung.com
ⓒ 한경닷컴, 무단전재 및 재배포 금지",2025-10-09,한국경제,https://www.hankyung.com/article/2025100997301,200,success,,2026-07-14T06:25:15.258225+00:00,news_production_wages.csv
2025-10-10,생산/임금 기사,https://www.hani.co.kr/arti/society/labor/1221927.html,81e7d572b180c15bf888250a,2,내년 구직급여 상한액 6만8100원…2100원 인상,내년 구직급여 상한액 6만8100원…2100원 인상,title_fallback,내년 구직급여 상한액이 일 6만8100원으로 인상된다. 육아기 근로시간 단축급여 기준금액도 현재 220만원에서 250만원으로 오른다. 고용노동부는 이같은 내용의 고용보험법 하위법령 일부개정령안을 2일부터 40일간 입법예고 한다고 밝혔다. 개정되는 시행령안은 내년 1월1,meta_description,"내년 구직급여 상한액이 일 6만8100원으로 인상된다. 육아기 근로시간 단축급여 기준금액도 현재 220만원에서 250만원으로 오른다.
고용노동부는 이같은 내용의 고용보험법 하위법령 일부개정령안을 2일부터 40일간 입법예고 한다고 밝혔다. 개정되는 시행령안은 내년 1월1일부터 시행된다.
먼저 구직급여 상한액은 하루 6만6천원에서 6만8100원으로 오른다. 2026년 최저임금이 시간당 1만320원으로 인상되면서, 이와 연동된 구직급여 하한액(일 최저임금의 80%)이 6만6048원으로 올라 상한액과 하한액이 역전되기 때문이다. 노동부가 구직급여 상한액을 조정한 것은 2019년 이후 6년만이다.
육아기 근로시간 단축 활성화를 위해, 단축급여 계산 때 기준금액 상한액도 매주 최초 10시간 단축분(통상임금 100% 지원)에 대해서는 220만원에서 250만원으로, 나머지 근로시간 단축분(통상임금 80% 지원)에 대해서는 150만원에서 160만원으로 상향 조정된다. 주 소정근로시간이 40시간에 월 통상임금이 250만원인 노동자가 육아기에 근로시간을 주 10시간 단축할 경우, 기존엔 단축급여로 55만원 받을 수 있었지만 이번 개정으로 62만5천원을 받을 수 있다.
육아휴직 대체인력을 사용하는 사업주에게 지원되는 대체인력 지원금의 사후지급금 제도도 폐지된다. 현재는 지원금의 절반은 육아휴직 노동자가 복직한 뒤 1개월 이상 계속 고용해야 지급했다. 아울러 사업주가 육아휴직 노동자가 복직한 이후에도 대체인력을 계속 고용하는 경우 지원금을 최대 1개월까지 추가 지원하기로 했다.
육아휴직·육아기근로시간 단축 노동자의 업무를 분담하는 노동자에게 추가 임금을 지급할 경우 지원하던 ‘업무분담 지원금’ 신청 절차도 개선된다. 현재는 업무분담자 지정 사실을 증빙할 수 있는 자료를 제출하도록 하고 있지만, 앞으로는 사업주가 업무분담 지원금 신청 때 신청서식에 업무분담 지정 내용만 작성하면 된다.
입법예고안은 고용24누리집(www.moel.go.kr) 공지사항 또는 대한민국 전자관보(www.mois.go.kr)에서 확인할 수 있다.",2025-10-02,한겨레,https://www.hani.co.kr/arti/society/labor/1221927.html,200,success,,2026-07-14T06:25:14.536173+00:00,news_production_wages.csv
2025-12-26,생산/임금 기사,https://www.donga.com/news/Economy/article/all/20251224/133033682/2,d29c00529284f37ba35e56f0,2,"KDI “초단시간 근로 부채질, 주휴수당 재검토 필요”","경제,경제일반,고용,사회,노동",article_section,근로시간이 주 15시간(월 60시간) 이상이면 사업주가 부담해야 하는 인건비가 최대 40%까지 급증하기 때문에 ‘초단시간’ 근로자가 급증하고 있다는 분석이 나왔다. 고용주가 주 …,json_ld_description,"근로시간이 주 15시간(월 60시간) 이상이면 사업주가 부담해야 하는 인건비가 최대 40%까지 급증하기 때문에 ‘초단시간’ 근로자가 급증하고 있다는 분석이 나왔다. 고용주가 주 15시간 이상 근로자에게 적용되는 주휴수당, 사회보험 비용을 피하기 위해 의도적으로 초단시간 근로자를 고용한다는 설명이다. 특히 가장 큰 비용 요인으로 꼽히는 주휴수당 제도를 재검토할 필요가 있다는 지적이 나온다.
한국개발연구원(KDI) 정수환 연구위원은 24일 이러한 내용을 담은 ‘초단시간 노동의 증가 요인과 정책 제언’을 발표했다. 정 연구위원은 “초단시간 노동의 증가는 소정근로시간 주 15시간을 기점으로 노동비용이 크게 증가하는 구조에 기인한 것으로 분석된다”며 “특정 근로시간에서 발생하는 과도한 노동비용 변화를 완화하는 제도 개선이 필요하다”고 밝혔다.
보고서에 따르면 2010년대부터 월 60시간 미만을 일하는 초단시간 근로자는 급증하고 있다. 초단시간 근로자는 일반적으로 4주 평균 소정근로시간이 15시간 미만인 근로자를 뜻한다. 월평균으로 보면 60시간 미만을 일하는 근로자다.
임금 근로자 중 초단시간 근로자의 비율은 2012년 3.7%에서 지난해 8.5%로 2배 이상으로 증가했다. 같은 기간 초단시간 근로자 수는 48만7000명에서 153만8000명으로 100만 명 넘게 늘었다. 특히 근속 1년 미만인 신규 근로자 중 초단시간 근로자의 비율은 2020년대 들어 20%를 넘어섰다.
문제는 초단시간 근로자는 사회보험 등 근로자 보호 제도의 사각지대에 놓여 있다는 점이다. 초단시간 근로자는 주휴수당, 연차 유급휴가, 국민연금·건강보험·고용보험, 퇴직급여 등에서 제외된다. 주 15시간(월 60시간)이 근로자 보호 제도가 적용되는 경계선인 것이다.
이 때문에 사업주는 비용 절감을 위해 초단시간 근로자를 고용할 유인이 생긴다고 보고서는 분석했다. 월 60시간 이상 근무하는 근로자는 월 60시간 미만 근무하는 초단시간 근로자에 비해 시간당 평균 노동 비용이 최소 25%에서 최대 40%까지 급증한다. 기업들이 이를 회피하기 위해 근로시간을 주 15시간 미만으로 맞추는 선택을 하고 있다는 것이다. 정 연구위원은 “최근 노동시장에서 주 14시간 55분으로 쪼개기 계약을 하는 일화가 보고된다”고 지적했다.
이 외에 사회보험 시간 기준을 완화해 가입 대상을 확대하는 방안, 현재 시행 중인 두루누리 사회보험료 지원 사업과 같은 보조금 제도를 활용하는 방안도 제시됐다.",2025-12-25,동아일보,https://www.donga.com/news/Economy/article/all/20251224/133033682/2,200,success,,2026-07-14T06:25:16.556947+00:00,news_production_wages.csv
2026-01-19,생산/임금 기사,http://www.fnnews.com/news/202601181822339029,8d1af57b58074e60237fc605,2,[단독] 비정규직 임금인상 본격화… 정부 TF 꾸렸다,"['경제', '일반경제']",article_section,"정부가 공공분야 비정규직 처우개선 논의를 위해 범정부 차원의 '공공일자리 처우개선 태스크포스'를 구성하고 본격적인 실태조사에 착수한다.지난 2일 통과된 2026년 정부 예산 법률안 부대의견에는 ""공공일자리 처우개선을 위해 공공일자리 관계기관 TF를 구성하고, ..",json_ld_description,"재경부·예산처·노동부 등 관계부처
1분기 실태조사 이후 지침 수립
李대통령 언급한 처우 개선 가속
정부가 공공분야 비정규직 처우개선 논의를 위해 범정부 차원의 '공공일자리 처우개선 태스크포스(TF)'를 구성하고 본격적인 실태조사에 착수한다. 이재명 대통령이 직접 공공 비정규직 임금 문제를 언급한 만큼 처우개선, 특히 임금을 둘러싼 논의가 속도를 낼 것으로 보인다.
18일 관계부처에 따르면 재정경제부와 기획예산처, 고용노동부, 행정안전부, 인사혁신처, 교육부 등 관계부처가 참여하는 TF가 구성됐다. TF는 지난해 말부터 향후 방향성에 대한 논의를 해 왔으며, 노동부와 기획처가 공동 주관부처를 맡고 있다. 첫 회의에서는 노동부가 진행하는 '공공부문 비정규직 실태조사'를 핵심 축으로 삼아 각 부처가 관련 업무를 추진하는 데 의견을 모았다. 다만 부처별로 필요한 예산과 인원, 인건비, 수당 등 여러 현안이 얽혀 있어 구체적 방향성을 설정하기까지는 다소 시간이 걸릴 것으로 보인다.
정부가 발 빠르게 TF를 조직한 배경에는 이 대통령의 강한 문제의식과 국회 부대의견이 있다. 지난 2일 통과된 2026년 정부 예산 법률안 부대의견에는 ""공공일자리 처우개선을 위해 공공일자리 관계기관 TF를 구성하고, 사회복지시설·비정규직 등을 포함한 공공분야 일자리 실태조사와 직무·임금 분석을 조속히 착수한다""고 명시돼 있다.
TF는 올해 공공분야 일자리 가운데 비정규직 임금 인상 방안을 중심으로 본격적인 논의를 이어갈 계획이다. 노동부가 올 1·4분기까지 실태조사를 마치면 공공기관 운영 관리를 총괄하는 재경부가 평가와 지침 수립 등에 이를 반영하고, 기획처는 인건비 등 예산 반영 여부를 검토한다는 구상이다. 이와 함께 공공기관 비정규직이 다수 포함된 기관을 보유한 부처들도 실질적인 지도·감독 권한을 바탕으로 현황 파악에 나설 예정이다.
노동부 관계자는 ""공공분야 비정규직 일자리는 크게 두 가지로 나뉜다""며 ""공공기관이 직접 비정규직을 채용하거나 민간에 위탁하는 사업이 있는가 하면, 노인일자리 등 재정사업을 통해 만들어지는 공공근로사업도 있다""고 설명했다. 이어 ""이 같은 일자리에 속한 비정규직의 처우를 어떻게 개선할지 논의를 시작하는 단계""라고 덧붙였다. 기획처 관계자도 ""비정규직 고용 형태가 다양하고 부처별 사례도 달라 이를 종합적으로 정리하기 위해 TF가 구성됐다""며 ""공공기관 비정규직 임금 개선이 논의의 중심이 될 것이고, 임금 비교기준 마련을 토대로 예산 작업이 이어질 것""이라고 말했다.
한편 이 대통령은 지난달 9일 국무회의에서 ""정부, 공공기관, 지방정부 할 것 없이 사람을 쓰면서 왜 최저임금만 주느냐""며 공공사업 전반에서 인건비를 높일 필요성을 강조했다. 이 대통령은 또 ""2년이 지나면 정규직이 된다고 하면서 1년11개월 만에 해고하고, 퇴직금을 주지 않겠다며 계약을 11개월씩 하는 관행이 있다""며 김영훈 노동부 장관에게 ""노동부가 점검하고 다른 부처에 시정명령을 하라""고 지시했다.
junjun@fnnews.com 최용준 서영준 김준혁 기자",2026-01-18,파이낸셜뉴스,https://www.fnnews.com/news/202601181822339029,200,success,,2026-07-14T06:25:17.505517+00:00,news_production_wages.csv
2026-03-09,생산/임금 기사,https://www.sedaily.com/article/20016600?ref=becu,ceddc8963ac5910671144e88,2,"노동계, 최저임금 인상 압박…20%대 요구 가능성도",사회,article_section,"매년 최저임금위원회에 참여하는 노동계가 지난해보다 높은 수준의 임금 인상안을 조합원에게 제시하면서 내년도 최저임금 최초 요구안이 다시 20%를 넘길 가능성이 커졌다. 8일 노동계에 따르면 한국노총은 올해 임금 인상 요구안을 전년과 같은 7.3%로 제시했다. 민주노총은 8% 인상을 요구해 지난해(6.2%)보다 1.8%포인트 높였다. 양대 노총은 물가 상승, 생계비 부담, 경제성장률 등을 종합적으로 고려할 때 올해 임금은 최소 7% 이상 오를 필요가 있다고 주장하고 있다. 양대 노총의 임금 인상 요구안은 각 조합의 단체교섭 가이드라인인 동시에 같은 해 하반기에 열리는 최저임금위원회에서도 노동계의 인상 요구 수준을 가늠하는 지표 역할을 한다. 노동계는 최저임금 영향권 내 저임금 노동자와의 임금격차가 확대될 수 있다는 점을 경계해 매년 최저임금의 고율 인상도 요구해왔다. 실제로 노동계는 매년 최저임금 심의 과정에서 두 자릿수 인상률을 최초 요구안으로 제시해왔다. 지난해에는 14.7% 인상을",json_ld_description,"매년 최저임금위원회에 참여하는 노동계가 지난해보다 높은 수준의 임금 인상안을 조합원에게 제시하면서 내년도 최저임금 최초 요구안이 다시 20%를 넘길 가능성이 커졌다.
8일 노동계에 따르면 한국노총은 올해 임금 인상 요구안을 전년과 같은 7.3%로 제시했다. 민주노총은 8% 인상을 요구해 지난해(6.2%)보다 1.8%포인트 높였다. 양대 노총은 물가 상승, 생계비 부담, 경제성장률 등을 종합적으로 고려할 때 올해 임금은 최소 7% 이상 오를 필요가 있다고 주장하고 있다.
양대 노총의 임금 인상 요구안은 각 조합의 단체교섭 가이드라인인 동시에 같은 해 하반기에 열리는 최저임금위원회에서도 노동계의 인상 요구 수준을 가늠하는 지표 역할을 한다. 노동계는 최저임금 영향권 내 저임금 노동자와의 임금격차가 확대될 수 있다는 점을 경계해 매년 최저임금의 고율 인상도 요구해왔다.
실제로 노동계는 매년 최저임금 심의 과정에서 두 자릿수 인상률을 최초 요구안으로 제시해왔다. 지난해에는 14.7% 인상을 요구해 2023년(18.9%) 이후 처음으로 20% 아래로 낮췄지만 1999년(8.8%) 이후 노동계가 한 자릿수 인상안을 제시한 적은 한 번도 없다.
노동계가 다시 20% 이상의 인상률을 꺼내 든다면 올해 최저임금 심의는 한층 격화될 것으로 전망된다. 최저임금 인상률이 2023년 이후 3년 연속 3%대를 넘지 못한 만큼 노동계는 고율 인상을 통해 정체된 추세를 반전시키겠다는 입장이다.
반면 경영계는 최근 5년 연속 ‘동결안’을 최초 요구안으로 제시하며 2024년 최저임금이 사상 처음 1만 원을 넘긴 후 인상 여력이 거의 없다고 주장한다. 영세 사업장의 부담이 이미 한계에 이르렀다는 이유에서다.
내년도 최저임금 심의를 위한 첫 회의는 이르면 다음 달 열릴 것으로 전망된다. 노동계는 4~5월 중 내년도 최저임금 최초 요구안을 확정해 발표할 계획이다.
ⓒ 서울경제신문, 무단 전재-재배포, AI 학습 및 활용 금지",2026-03-08,서울경제,https://www.sedaily.com/article/20016600?ref=becu,200,success,,2026-07-14T06:25:18.234173+00:00,news_production_wages.csv
2026-04-20,생산/임금 기사,http://www.fnnews.com/news/202604191937095149,583cd9ee14fb29ea46aba9a5,2,배달라이더도 포함 될까?… 내년도 최저임금 심의 21일 첫 회의,"['경제', '일반경제']",article_section,"내년도 최저임금 심의 절차가 오는 21일 첫발을 뗀다.올해 심의에선 도급근로자 최저임금 적용 여부도 처음 논의된다.김영훈 노동부 장관은 올해 심의요청서에 ""최저임금을 시간·일·주·월 단위로 정하는 것이 적당하지 않다고 인정되는 도급제 임금 근로자에 대해 최..",json_ld_description,"도급근로자 적용 여부도 논의
내년도 최저임금 심의 절차가 오는 21일 첫발을 뗀다. 이재명 정부가 들어선 뒤 두 번째 최저임금 논의다. 집권 첫해에 최저임금이 2.9% 오르는 데 그치면서 올해 노동계는 높은 인상률을 제시할 것으로 전망된다. 이에 따라 올해 최저임금 심의의 쟁점은 오름폭과 도급제 근로자 적용 여부다.
19일 고용노동부에 따르면 최저임금위원회는 오는 21일 전원회의를 열고 2027년도 최저임금 심의 절차를 시작한다. 올해 첫 공식 전원회의다.
21일엔 근로자위원, 사용자위원, 공익위원이 모두 참석한 가운데 현재 공석인 최저임금위원회 위원장을 선출할 가능성이 높아 보인다. 이후 차기 회의 일정을 논의할 전망이다.
올해 최저임금 논의의 핵심 쟁점은 인상률과 도급제 근로자 적용 여부다. 여느 때와 같이 최저임금 인상률을 두고 경영계와 노동계가 대치할 가능성이 높다.
특히 지난해 최저임금 인상률이 2.9% 오르는 데 그치면서 올해 논의에선 노동계가 높은 인상률을 강하게 주장할 것으로 점쳐진다. 지난해 최저임금 인상률은 전년 대비 2.9%(290원)로, 역대 정부 첫해 인상률 중 두 번째로 낮았다.
노동계는 이미 내수경제 활성화, 정규직·비정규직 격차 해소 등을 이유로 최저임금 인상과 적용 확대 요구를 예고한 상태다. 올 1·4분기 양대노총은 2026년 임금 인상 요구율을 7~8%로 정하면서 이 같은 방침도 함께 밝혔다.
반면 경영계는 최저임금 인상률을 최대한 억제하는 데 초점을 둘 것으로 예상된다. 특히 올해 중동전쟁, 관세 등으로 내수경기 불확실성이 커 속도조절론을 내세울 것으로 예상된다. 경기침체 국면에서 최저임금을 지나치게 인상하면 자영업·소상공인이 그 부담을 견디기 어려울 것이란 주장이다. 소상공인 업계는 정부·여당의 근로자추정제·일기본법 추진에 대해서도 부담을 호소하고 있는 상황이다.
올해 심의에선 도급근로자 최저임금 적용 여부도 처음 논의된다.
김영훈 노동부 장관은 올해 심의요청서에 ""최저임금을 시간·일·주·월 단위로 정하는 것이 적당하지 않다고 인정되는 도급제(또는 유사 형태) 임금 근로자에 대해 최저임금을 따로 정할지 여부를 검토해달라""고 명시했다.
도급근로자 최저임금 적용 여부는 노동계가 주장해 온 의제다. 양대노총은 특수근로형태종사자(특고)·플랫폼·프리랜서 등을 대상으로 최저임금 적용 범위를 확대해야 한다고 꾸준히 주장해 왔다.
양대노총은 도급근로자 최저임금 적용 여부를 명시한 김 장관의 심의요청에 대해 ""중요한 전환점"", ""의미 있는 변화""라고 평가하면서 위원회 내 실질적 논의를 촉구했다.
jhyuk@fnnews.com 김준혁 기자",2026-04-19,파이낸셜뉴스,https://www.fnnews.com/news/202604191937095149,200,success,,2026-07-14T06:25:18.883199+00:00,news_production_wages.csv
2026-04-29,생산/임금 기사,http://www.fnnews.com/news/202604281840395959,aba9cb0f280da0c1d4c0e375,2,공공 비정규직 한달만 일해도 '퇴직금 명목' 38만원 수당,"['경제', '일반경제']",article_section,이재명 대통령이 경기도지사 재직 당시 1년 미만 단기근로자를 대상으로 도입한 공정수당이 내년부터 전국으로 확산된다.고용이 불안정한 비정규직에 적정한 보상을 지급해야 한다는 이 대통령의 인식이 반영된 것으로 풀이된다.경기 공정수당의 보상지급률은 근무기간..,json_ld_description,"공정수당, 내년부터 전국 확산
근무기간 짧을수록 지급률 높여
1~2개월 10%… 7~12개월 8.5%
李, 노동부 장관에 현장점검 지시
이재명 대통령이 경기도지사 재직 당시 1년 미만 단기근로자를 대상으로 도입한 공정수당이 내년부터 전국으로 확산된다. 고용이 불안정한 비정규직에 적정한 보상을 지급해야 한다는 이 대통령의 인식이 반영된 것으로 풀이된다. 보상지급률 하한선이 3%p가량 오르면서 보장 규모도 더욱 커진다. 다만 재정으로 수당을 보전한다는 점에서 향후 재정소요 규모와 여건이 관건이 될 것으로 보인다.
■공정수당 전국 확산…더 많이 준다
이 대통령은 28일 국무회의에서 공정수당 등이 담긴 '비정규직 처우개선 방안'을 보고받은 후 ""각 부처를 비롯해 전 공공부문에서 적극적으로 함께해주길 당부드린다""는 김영훈 고용노동부 장관의 발언에 ""당부하지 말고 확인하라""고 말했다. 비정규직 처우개선이 대책에만 그치지 않고 실제 고용유지, 기간제 근로 감소 등 현장에서 체감 가능한 실질적 결과로 이어져야 한다는 주문으로 풀이된다.
공정수당은 이 대통령이 경기도지사 시절 도입한 대표적 노동정책이다. 고용이 불안정한 동시에 퇴직금을 받을 수 없는 1년 미만 계약직을 대상으로 퇴직금 명목의 수당을 지급하는 것이 골자다.
이번 전국 단위 공공부문 공정수당도 경기도 공정수당과 같은 방식을 적용한다. 다만 보상지급률을 경기도 수당 대비 더욱 끌어올려 보상액도 늘어난다.
경기 공정수당의 보상지급률은 근무기간이 길수록 낮아지는 형태로 11개월 이상 12개월 미만 계약직의 경우 5%의 보상지급률을 적용받는다. 그러나 이번 전국 단위 공정수당은 6개월 이상부터 12개월 미만까지 8.5%의 보상지급률을 지급, 11개월 이상 12개월 미만 계약직의 경우 신설되는 공정수당이 95만원가량 더 많다.
■""중장기적으로 예산 최적화될 것""
이번에도 재정투입 규모가 쟁점이 될 것으로 보인다. 최저임금과 연동돼 최저임금이 오르면 구간별 수당액도 더불어 증가하는 구조이기도 하다.
근로기준법상 퇴직금은 각 기업이 보장하는 반면 이번에 신설되는 공정수당은 재정으로 1년 미만 기간제근로자의 수당을 보전한다는 점에서 차이가 있기 때문이다. 아울러 전국 공공부문에 적용되기 때문에 경기도 공정수당 대비 지급 대상·금액 규모가 크게 늘어날 가능성이 높다. 최저임금과 연동돼 최저임금이 오르면 구간별 수당액도 더불어 증가하는 구조이기도 하다.
이와 관련해 정부는 재정투입 가치가 충분하고, 중장기적으로 단기계약 관행이 줄면 재정수요도 최적화될 것으로 내다봤다. 1년 단기 계약 원칙적 금지로 예외적으로 허용되는 단기계약에 대해서만 적용되는 수당이고 이로 인해 단기계약 관행이 줄면 이에 소요되는 예산도 함께 줄어들 것이라는 분석에서다.
노동부 관계자는 ""공공부문부터 적정임금을 넘어 제대로 된 보상을 실천하자는 취지이기에 재정을 투입할 가치가 충분하다""며 ""1년 미만 계약 금지가 있는 가이드라인을 통해 상시 업무 여부를 심사할 것이기 때문에 불필요한 단기 채용이 걸러지면 예산 소요도 최적화될 것""이라고 전망했다.
다만 정부는 이번 대책에 소요될 재정추계는 마무리하지 못했다. 노동부 관계자는 ""2027년 예산 편성 시점부터 반영될 것""이라며 ""현재 상황에서는 완벽한 추계가 어렵다. 향후 지침에 따라 각 부처가 기간제 노동자 예산을 요청하고 나면 구체적인 규모가 도출될 것""이라고 덧붙였다.
cjk@fnnews.com 최종근 김준혁 성석우 기자",2026-04-28,파이낸셜뉴스,https://www.fnnews.com/news/202604281840395959,200,success,,2026-07-14T06:25:19.547362+00:00,news_production_wages.csv
2026-05-19,생산/임금 기사,https://www.hankyung.com/article/2026051844891,e0e220e3d420db9062272e67,2,"법원 ""파업해도 생산 차질 안돼""…반도체 특수성에 엄격한 법리 판단",사회 일반,article_section,"법원 ""파업해도 생산 차질 안돼""…반도체 특수성에 엄격한 법리 판단, 위법쟁의금지 가처분 인용 인력·가동규모 등 '정상 유지' 명시 파급력 고려해 이행강제금 부과",meta_description,"법원 ""파업해도 생산 차질 안돼""…반도체 특수성에 엄격한 법리 판단
위법쟁의금지 가처분 인용
인력·가동규모 등 '정상 유지' 명시
파급력 고려해 이행강제금 부과
법원이 삼성전자가 낸 가처분 신청을 대부분 인용한 것은 이번 총파업의 위법성과 경제적 악영향이 심각한 수준이라고 봤기 때문이다. ‘연속 순환 공정’이란 특수성을 가진 반도체 생산에 차질이 빚어질 경우 회복하기 어려운 피해가 발생할 것이라는 게 법원 판단이다.
수원지방법원 민사합의31부(수석부장판사 신우정)는 18일 가처분 결정문에서 “반도체 제조 공정은 24시간 연속 운전을 전제로 설계된 것”이라며 “일시적인 가동 중단조차 수율 저하, 웨이퍼 손실 등 막대한 손해를 초래할 수 있다”고 판시했다. 그러면서 “생산 차질은 국내 산업 전반의 생산성 저하로 이어질 수 있다”고 우려했다.
재판부는 웨이퍼 배출 관리 등 시설 손상이나 제품·원료의 변질을 막는 작업(보안작업)이 파업 때도 정상적으로 이뤄져야 한다고 판시했다. 재판부는 “노조가 신규 웨이퍼 투입 중단을 요구하는 것은 조업 계속의 자유를 전면적으로 침해하는 것”이라고 지적했다. 파업이 일어날 경우 적극적으로 생산 활동을 하지 않기 때문에 보안작업이 필요 없다는 노조 주장에는 “‘파업할 테니 일을 덜 시켜라’라는 취지로 사업수행권을 정면으로 침해한다”고 봤다.
재판부는 ‘정상적 운영’에 대해서도 엄격히 판단했다. 필수유지업무의 ‘정당한’ 유지·운영이 ‘필요 최소한’을 의미하는 것과 달리, 안전보호시설에는 입법자가 의도적으로 더 높은 기준인 ‘정상적’이라는 용어를 썼다는 점에 주목해 “쟁의행위 전 평상시와 동일한 정도의 인력, 가동 시간 및 규모, 주의 의무로 유지·운영하는 것”이라고 해석했다.
지난달 삼성바이오로직스 파업과 관련한 가처분에서 인천지법은 배양·정제 공정 9개 중 ‘마무리 작업’ 3개만 쟁의 제한 작업으로 인정하고 이행강제금을 부과하지 않았다. 이번 삼성전자 결정에서는 생산 관련 작업도 보안작업으로 인정하고 위반 1일당 각 노조에 1억원, 최승호 초기업노조 삼성전자지부 위원장과 우하경 전국삼성전자노동조합 위원장 직무대행에게 각 1000만원의 이행강제금을 부과했다.
한 대형 로펌 변호사는 “통상 가처분에서는 금지만 명하고 이행강제금은 기각하는 사례가 많다”며 “이번 결정은 파업의 위법성과 국가 경제 파급력을 재판부가 정면으로 고려한 이례적 결정”이라고 말했다.
ⓒ 한경닷컴, 무단전재 및 재배포 금지",2026-05-18,한국경제,https://www.hankyung.com/article/2026051844891,200,success,,2026-07-14T06:25:20.192974+00:00,news_production_wages.csv
2026-05-20,생산/임금 기사,http://www.chosun.com/economy/tech_it/2026/05/20/IM7E6OH4SREN7MU6NUN4HQOJFE/,17078b6744ef5411a44aee20,2,‘성과급으로 인질극 벌이나’ 비판에도… 노조 “이번에 꺾이면 기회 없다” 판단,테크,article_section,성과급으로 인질극 벌이나 비판에도 노조 이번에 꺾이면 기회 없다 판단 삼성전자 노조는 왜 강경했나,json_ld_description,,2026-05-18T07:21:53.687Z,조선일보,https://www.chosun.com/economy/tech_it/2026/05/20/IM7E6OH4SREN7MU6NUN4HQOJFE/,200,incomplete,제목 누락 또는 정제 본문 200자 미만,2026-07-14T06:25:21.412059+00:00,news_production_wages.csv
2026-05-27,생산/임금 기사,https://www.hankyung.com/article/2026052600131,3dd78c7118d4b775702d1991,2,최저임금委 회의서도 '삼성 성과급' 갑론을박,노동/취업,article_section,"최저임금委 회의서도 '삼성 성과급' 갑론을박, 민노총, 내년 26.6% 인상 요구",meta_description,"최저임금委 회의서도 '삼성 성과급' 갑론을박
민노총, 내년 26.6% 인상 요구
전국민주노동조합총연맹이 내년 최저임금으로 올해보다 26.6% 오른 시간당 1만3070원을 요구하기로 했다. 최근 3년간 최저임금 인상률(1.7~2.9%)의 열 배에 가까운 인상률이다. 최저임금은 근로자·사용자·공익위원 9명씩 총 27명으로 구성된 최저임금위원회에서 결정한다. 노사가 각각 요구안을 제시한 뒤 심의 과정을 통해 격차를 좁혀나가는 방식이다.
노조 요구안은 양대 노총인 민주노총과 한국노동조합총연맹이 협의해 최종 결정한다. 민주노총 요구액은 노조 측이 처음으로 제시하는 요구 수준이라는 점에서 주목받는다. 노사 양측의 최저임금 최초 요구안은 다음달 초 제시될 것으로 예상된다. 최저임금은 매년 6월 말까지 심의해 8월 5일 결정·고시한다.
26일 정부세종청사에서는 내년 최저임금을 결정하는 전초전 성격의 ‘2027년 최저임금위 제2차 전원회의’가 열렸다. 노조 측인 류기섭 한국노총 사무총장은 삼성전자 성과급 논란을 언급하며 “최저임금 노동자의 수십 년 치 연봉을 단번에 넘어서는 보상 격차가 너무나 아득하다”며 대폭 인상을 요구했다. 반면 사용자 측인 양옥석 중소기업중앙회 인력정책본부장은 “반도체산업을 제외한 절대다수의 중소기업, 소상공인은 유가와 원자재 가격 상승, 내수 침체로 고통받고 있다”고 반박했다.
ⓒ 한경닷컴, 무단전재 및 재배포 금지",2026-05-26,한국경제,https://www.hankyung.com/article/2026052600131,200,success,,2026-07-14T06:25:22.941685+00:00,news_production_wages.csv
2026-05-27,생산/임금 기사,https://www.mk.co.kr/news/society/12058055,53b6ce1448accd54ade037ef,2,"勞 ""라이더도 최저임금""vs 使 ""업종별 차등"" - 매일경제",사회,article_section,"최저임금위 제2차 전원회의勞 ""삼전 성과급은 사회 문제노동시장 양극화 외면 안돼""使 ""실질임금 1만2천원 넘어내수 부진에 자영업자 신음""",json_ld_description,"Key Points
2027년 최저임금 결정을 위한 최저임금위원회 제2차 전원회의에서 노동계는 배달라이더 등 도급 노동자에게도 최저임금을 적용해야 한다고 주장하며 사회적 양극화 해소를 촉구했어요. 😟
사용자 측은 내수 부진과 자영업자의 어려움을 이유로 최저임금 안정화를 주장하며, 이미 실질임금이 1만 2천 원을 상회한다고 반박했어요. 📉
이번 최저임금 심의의 핵심 쟁점은 단순한 인상률이 아닌, 그동안 최저임금 적용 대상에서 제외되었던 배달라이더, 택배기사 등 도급·플랫폼 노동자의 포괄 여부예요. 🛵
유럽연합(EU)에서는 이미 플랫폼 근로자에게 법적 근로자 지위를 부여하려는 움직임이 있고, 이는 국내 논의에도 영향을 줄 수 있는 중요한 국제적 흐름이에요. 🇪🇺
1. 사건 개요: 무슨 일이 있었나? 🧐
2027년 적용 최저임금 결정을 위한 논의가 시작되었는데, 올해는 특히 배달라이더와 같은 도급 노동자들에게도 최저임금을 적용할 것인지가 큰 쟁점이 되고 있어요. 🚚 2026년 5월 26일, 최저임금위원회는 정부세종청사에서 제2차 전원회의를 열고 이 문제를 심도 있게 다루기 시작했어요. 하지만 회의 시작부터 노사 양측의 의견 대립이 뚜렷했답니다. 사용자 측은 최근의 내수 부진과 자영업자들의 어려움을 강조하며 최저임금 인상을 자제해야 한다고 주장했어요. 특히 주휴수당까지 포함하면 이미 실질 임금이 1만 2천 원을 넘는다고 지적했죠. 📈
반면 노동계는 최근 삼성전자 성과급 논란 등을 예로 들며 노동시장 양극화 심화 문제를 지적했어요. 😥 코스피가 8000선을 돌파하는 동안 실질 최저임금 인상률은 5년간 0.1%에 그친 점을 들어, 임금 격차 해소를 위해 최저임금 현실화가 필요하다고 목소리를 높였답니다. 🗣️ 올해 최저임금 논의의 핵심은 단순히 인상률이 아니라, 배달라이더, 택배기사, 대리기사 등 기존에 최저임금 적용 대상에서 제외되었던 도급·플랫폼 노동자들을 어떻게 포괄할 것인지에 달려있어요. 이는 2026년 4월 1일에 고용노동부가 2027년도 최저임금 심의 요청서에 도급 근로자에 대한 별도 최저임금 설정 검토를 명시하면서 처음으로 공식적으로 논의 테이블에 오르게 된 것이랍니다. ✍️
2. 심층 분석: 이 뉴스는 왜 나왔나?
2027년 적용 최저임금 결정을 앞두고 노사 간의 첨예한 대립이 벌어지고 있어요. 이번 논의의 핵심은 단순한 최저임금 인상률을 넘어, 그동안 최저임금의 사각지대에 놓여 있던 배달라이더, 플랫폼 노동자 등 도급제 근로자에게도 최저임금을 확대 적용할 것인지 여부예요. 이는 역대급으로 험난한 협상이 될 것임을 예고하고 있답니다. ⚙️🌍
노동계는 삼성전자 성과급 논란을 예로 들며, 동일한 노동시장 내에서 심화되는 소득 격차를 지적하고 있어요. 코스피 지수는 상승했지만 실질 최저임금 인상률은 5년간 0.1%에 그쳤다는 점을 들어, 노동시장 양극화가 심각하며 이를 외면해서는 안 된다고 주장하고 있답니다. 📈⚖️
반면 사용자 측은 현재 우리 경제의 상황을 근거로 최저임금 안정을 호소하고 있어요. 1분기 경제는 일부 업종의 수출 증가로 양호한 수준이지만, 최저임금의 영향을 많이 받는 업종은 여전히 부진하다는 점을 강조하고 있죠. 또한, 이미 주휴수당까지 포함하면 실질임금이 1만 2천 원을 넘는다고 주장하며 부담을 토로하고 있답니다. 💰🗣️
이번 논의에서 가장 큰 쟁점은 바로 '누구에게 적용하느냐'예요. 배달라이더, 택배기사, 대리기사 등 도급제 근로자는 현행법상 '사업자'로 분류되어 최저임금 대상에서 제외되어 왔어요. 하지만 고용노동부 장관이 심의 요청서에 도급 근로자에 대한 별도 최저임금 설정 검토를 명시하면서, 처음으로 공식적인 논의 테이블에 오르게 된 것이죠. 🛵📦
경영계에서는 음식·숙박업, 편의점 등 취약 업종에 한해 별도 최저임금 기준을 적용해야 한다는 주장도 나오고 있지만, 현 정부의 친노동 기조와 노동계의 강경 반대로 실현 가능성이 낮다는 시각도 있어요. 유럽연합(EU)에서도 플랫폼 노동자의 법적 근로자 지위를 강화하는 움직임이 있다는 점(연관뉴스 1)은 국내 논의에도 영향을 미칠 수 있는 부분으로 보여요. 🇪🇺
3. 주요 경과: 지금까지의 흐름 (Timeline)
2021년 12월 유럽연합(EU) 집행위원회가 플랫폼 근로자에게 법적 근로자 지위를 부여하는 새로운 기준을 도입하는 방안을 추진했어요. 이는 우버, 도어대시 등 플랫폼 기업들이 해당 근로자들에게 최저임금, 단체교섭, 유급휴가 등을 보장하도록 하기 위함이었죠. 하지만 플랫폼 기업들은 수만 개의 일자리가 사라질 수 있다며 강하게 반발했어요. 🛡️⚖️🇪🇺
2024년 5월 내년도 최저임금 결정을 앞두고, 최저임금위원회에서 플랫폼·프리랜서 노동자에게도 최저임금을 적용하는 방안이 이슈로 떠올랐어요. 현행법상 도급 계약을 맺은 개인사업자로 분류되는 배달 라이더 등도 최저임금 사각지대에 놓여있다는 노동계의 주장이 있었죠. 다만, 배달 수수료가 상황에 따라 달라지는 특성상 실효성에 대한 의문도 제기되었어요. 🛵🤔💰
2025년 5월 더불어민주당과 민주노총·한국노총은 '모든 노동자의 실질임금 보장을 위한 최저임금 개선 과제' 토론회를 열고, 특수고용·프리랜서·플랫폼 노동자에게 최저임금을 적용하는 방안을 검토했어요. '근로자 추정제도' 도입이나 '일하는 사람들의 권리 보장 기본법' 제정 등을 논의했으나, 학계에서는 시장 질서 붕괴를 우려하는 목소리도 나왔어요. 🤝⚖️💸
2025년 6월 2026년도 최저임금 논의에서 배달 라이더, 택배 기사 등 특수형태근로(특고)·플랫폼 종사자에 대한 최저임금 확대 적용 논의가 무산되었어요. 최저임금위원회 공익위원들은 해당 논의를 정부, 국회 등 별도 기구에서 진행할 것을 권고하며, 2026년 최저임금은 근로기준법상 근로자에게만 적용됨을 명확히 했어요. 🚫📈🧑⚖️
2026년 4월 2027년도 최저임금 심의가 시작되면서, 배달 라이더, 학습지 교사, 화물차주 등 도급제·플랫폼 노동자에게 최저임금을 확대 적용할지가 사상 처음으로 공식 안건에 포함되었어요. 노동계는 이들 노동자에게도 최소한의 생계 기준인 최저임금이 보장되어야 한다고 주장했고, 고용노동부도 심의 요청서에 도급제 근로자 적용 여부를 명시했어요. 📢✍️💼
2026년 5월 26일 2027년도 적용 최저임금 결정을 위한 최저임금위원회 제2차 전원회의가 열렸으나, 노사 양측은 시작부터 팽팽히 맞섰어요. 사용자 측은 내수 부진과 자영업자 신음을 이유로 최저임금 안정을 촉구했고, 노동계는 삼성전자 성과급 논란을 예로 들며 심화되는 소득 격차를 지적하며 최저임금 인상을 요구했어요. 특히 배달 라이더 등 도급제 노동자에 대한 최저임금 적용 여부가 최대 쟁점으로 떠올랐어요. 🗣️⚖️📈
4. 다각도 분석: 누구에게 어떤 영향을 미칠까?
5. 핵심 시사점: 그래서 무엇이 달라지는가?
이번 2027년도 최저임금 결정 논의는 단순히 임금 수준을 정하는 것을 넘어, '누구에게 최저임금을 적용할 것인가'라는 근본적인 질문을 던지고 있어요. 🚀 기존에는 근로기준법상 근로자로 인정받지 못했던 배달라이더, 플랫폼 종사자, 학습지 교사, 화물차주 등 도급제·플랫폼 노동자들이 처음으로 공식적인 최저임금 심의 대상에 포함된 점이 가장 큰 변화라고 볼 수 있답니다. 🚚 이는 이들 노동자들의 법적 지위와 노동 환경에 대한 사회적 논의가 본격화되었음을 의미해요. 🤝
과거(2021년) 유럽연합(EU)에서는 플랫폼 근로자에게 법적 근로자 지위를 부여하는 기준을 도입하려는 움직임이 있었고, 이는 기업들의 반발을 샀던 경험이 있어요. 🇪🇺 국내에서도 2024년과 2025년에는 특수고용·플랫폼 종사자에 대한 최저임금 확대 적용 논의가 무산되기도 했지만, 이번 2027년도 심의에는 고용노동부 장관이 심의 요청서에 도급 근로자에 대한 별도 최저임금 설정 검토를 명시하며 논의가 한층 진전된 상황이에요. 📈 이는 노동 시장의 양극화와 플랫폼 노동자들의 권익 보호에 대한 사회적 요구가 커지고 있음을 보여주는 지표라고 할 수 있습니다. 🤔
또한, 경영계에서는 음식·숙박업, 편의점 등 취약 업종에 대한 별도 최저임금 기준 적용을 주장하고 있지만, 현 정부의 친노동 기조와 노동계의 강경한 반대로 실현 가능성이 낮게 점쳐지고 있어요. ⚖️ 따라서 이번 논의 결과에 따라서는 도급제 노동자들의 최저임금 적용 범위 확대와 함께, 기존 최저임금 노동자들의 실질임금 정체 문제, 그리고 업종별 차등 적용 논쟁 등 복합적인 노동 시장 구조 변화가 예상됩니다. 📊 앞으로 최저임금위원회의 결정이 노동 시장 전반에 미칠 파급 효과를 예의주시해야 할 것으로 보여요. 👀
6. 향후 전망: 시나리오별 예측
현 상태 유지 및 안착 시나리오 2027년도 최저임금 결정 과정에서 배달라이더 등 도급·플랫폼 노동자의 최저임금 적용 문제는 또다시 보류될 가능성이 높아요. 😟 경영계는 이미 시간당 1만원을 넘었고 주휴수당까지 포함하면 실질 임금이 1만2000원을 상회한다는 점을 강조하며 인상에 난색을 표하고 있어요. 또한, 현재 경제 상황이 반도체 등 일부 업종을 제외하고는 부진하다는 점을 들어 최저임금 인상이 더 큰 부담이 될 수 있다고 주장하고 있죠. 📈 이로 인해 올해 역시 최저임금 인상률을 둘러싼 노사 간의 치열한 공방은 이어지겠지만, 도급제 노동자 적용 확대라는 큰 쟁점은 정부나 국회 등 별도 기구에서 논의하라는 공익위원들의 권고에 따라 유보될 가능성이 커 보여요. 🧑⚖️
영향력 확대 및 가속 시나리오 만약 도급·플랫폼 노동자에 대한 최저임금 적용 논의가 본격화된다면, 노동시장 전반에 상당한 변화가 예상돼요. 🚀 유럽연합(EU)의 경우 이미 플랫폼 근로자에게 법적 근로자 지위를 부여하는 기준을 추진하고 있어, 국내에서도 유사한 흐름을 따를 가능성이 있어요. 🇪🇺 이로 인해 배달라이더, 대리운전기사, 학습지 교사 등 다양한 형태의 비전형 노동자들이 최저임금의 보호를 받게 되면, 이들의 소득 수준이 향상되고 노동 환경이 개선될 수 있어요. 🌟 하지만 이는 플랫폼 기업들의 운영 비용 증가로 이어질 수 있으며, 업종별 차등 적용 주장과 함께 더욱 복잡한 논의를 촉발할 수도 있답니다. 🤔
변수 발생 및 흐름 반전 시나리오 예상치 못한 사회적, 정치적 변수가 발생할 경우 최저임금 결정 과정이 예상과 다른 방향으로 흘러갈 수도 있어요. 😮💨 예를 들어, 민주노총 소속 근로자 위원들이 지난 1차 전원회의에서 회의장을 이탈했던 것처럼, 노동계의 강경한 입장이 지속되거나, 혹은 사용자 측의 반발이 더욱 거세질 경우 논의가 교착 상태에 빠질 수 있어요. ⚖️ 또한, 향후 정부의 정책 기조 변화나 예상치 못한 경제적 충격 발생 시, 최저임금 인상률이나 적용 범위에 대한 결정이 크게 달라질 수 있으며, 이는 시장 질서나 관련 산업에 예상치 못한 파급 효과를 가져올 수도 있답니다. 💥
[주요 용어 해설 (Glossary)]
도급 노동자 도급 노동자는 계약에 따라 특정 업무를 완수하면 그 결과에 따라 보수를 받는 사람들을 말해요. 예를 들어, 배달 라이더, 택배 기사, 대리 운전 기사, 학습지 교사 등이 여기에 해당할 수 있어요. 이들은 일반적인 근로자와 달리 사업자 신분으로 분류되어 현재 최저임금의 직접적인 적용 대상에서는 제외되어 있어요. 하지만 이들이 실제로 업무를 수행하는 방식 등을 고려했을 때, 최저임금 적용 범위를 넓혀야 한다는 목소리가 꾸준히 나오고 있답니다. 🚚🛵📚
플랫폼 종사자 플랫폼 종사자는 앱이나 온라인 플랫폼을 통해 일감을 받아 일하는 사람들을 의미해요. 대표적으로 배달 앱을 통해 음식을 배달하는 라이더, 차량 공유 서비스를 제공하는 운전기사 등이 여기에 속하죠. 이들은 플랫폼 기업과 직접적인 고용 관계가 아닌, 개인 사업자로서 계약을 맺고 일하는 경우가 많아요. 이러한 특성 때문에 현행 최저임금법상의 근로자 범주에서 벗어나 있었지만, 최근에는 이들에 대한 최저임금 적용 확대 논의가 활발하게 이루어지고 있답니다. 💻📱
실질임금 실질임금은 단순히 급여 액수만 보는 것이 아니라, 물가 상승률 등을 고려하여 실제로 구매할 수 있는 재화와 서비스의 가치를 반영한 임금을 말해요. 예를 들어, 임금이 10% 올랐더라도 물가가 12% 올랐다면 실질임금은 오히려 줄어든 셈이 되는 거죠. 기사에서는 코스피 지수가 크게 올랐음에도 불구하고, 지난 5년간 실질 최저임금 인상률은 0.1%에 그쳤다는 점을 지적하며 노동 시장의 양극화 문제를 제기하고 있어요. 📈📉💰
노동시장 양극화 노동시장 양극화는 같은 노동 시장 안에서도 소득이나 근로 조건 면에서 큰 격차가 벌어지는 현상을 말해요. 예를 들어, 일부 고소득 전문직이나 대기업 종사자들은 높은 성과급과 좋은 복지를 누리는 반면, 최저임금 수준의 급여를 받거나 불안정한 일자리에 종사하는 노동자들은 상대적으로 낮은 대우를 받는 상황을 떠올릴 수 있어요. 기사에서는 삼성전자 성과급 논란 등을 언급하며 이러한 노동 시장 내 소득 격차가 심화되고 있음을 보여주고 있어요. ⚖️",2026-05-26,매일경제,https://www.mk.co.kr/news/society/12058055,200,success,,2026-07-14T06:25:22.227918+00:00,news_production_wages.csv
2026-06-15,생산/임금 기사,https://www.seoul.co.kr/news/economy/2026/06/14/20260614500077,57732bf5aac1ed25002e5fc9,2,"경총 “최저임금, 업종별 구분해 적용해야”",economy,article_section,경총은 최저임금이 2001년보다 437.8% 오르는 동안 물가와 임금 상승률을 크게 웃돌았다고 밝혔다. 숙박·음식점업의 부가가치와 미만율을 들어 업종별 차등 적용이 필요하다고 주장했다.,json_ld_description,"25년간 물가 상승률의 5.7배 올라
“음식점 등 영세 자영업자 못 버텨”
한국경영자총협회 제공
최저임금이 급격하게 오르면서 영세 자영업자들이 감당할 수 없게 된 만큼, 최저임금을 업종별로 구분해 적용할 필요가 있다는 주장이 제기됐다.
한국경영자총협회(경총)는 14일 이같은 내용을 담은 보고서를 발표했다. 경총에 따르면 2001년 1865원이던 최저임금이 지난해 1만 30원으로 437.8% 인상됐고, 이는 같은 기간 물가 상승률(77.4%)의 5.7배, 명목 임금 상승률(174.7%)의 2.5배에 달한다.
최저임금은 전체 임금 수준에 비해서도 크게 높아졌다. 2001년 중위 임금 대비 최저임금 수준은 38.9%였는데 이는 지난해 62.2%로 늘어났다. 같은 기간 최저임금을 받지 못하는 근로자 비율도 3배 가까이 늘어났다. 2001년 최저임금 미만율(법정 최저임금액보다 낮은 임금을 받는 근로자의 비율)은 4.3%에 불과했지만 지난해는 12.4%를 기록했다.
특히 지난해 업종별로 지불 여력과 노동생산성을 보여주는 ‘취업자 1인당 부가가치’의 경우 숙박·음식점업은 2845만원으로 제조업(1억 6669만원)의 17.1%, 금융·보험업(1억 7561만원)의 16.2%에 불과했다. 대기업·은행 등과 달리 식당을 운영하는 자영업자의 입장에서 부가가치 창출 능력을 감안하면 현재 최저임금을 감당하기 힘들다는 의미다. 실제 최저임금 미만율은 제조업(3.7%)이나 금융보험업(6.1%)보다 숙박음식점업(31.6%)에서 높게 나타났다.
경총은 경제협력개발기구(OECD) 26개국 가운데 21개국이 업종, 지역, 연령, 숙련도 등을 기준으로 최저임금을 차등 적용하고 있다고 밝혔다. 예컨대 스위스 제네바주의 경우 농업·화훼업 근로자는 일반 최저임금보다 낮게 설정했다. 하상우 경총 이사는 “(업종별 최저임금) 구분 적용을 통해 제도의 현장 수용성을 높여야 한다”고 강조했다.
- 경총, 최저임금 업종별 구분 적용 필요 주장
- 최저임금 급등, 물가·임금 상승률 크게 상회
- 숙박·음식점업 수익성 낮아 부담 가중 지적
Copyright ⓒ 서울신문 All rights reserved. 무단 전재-재배포, AI 학습 및 활용 금지
[ 내안의 AI 본성 분석 :
UNMASK ]
""기사를 읽는 동안 깨어난 당신의 숨겨진 페르소나를 AI가 스캔합니다.""
기사를 끝까지 읽으셨나요? 이제 AI 퀴즈로 기사의 핵심 내용을 점검해보세요.
2001년 대비 지난해 최저임금 인상률은 물가 상승률의 몇 배인가?",2026-06-14,서울신문,https://www.seoul.co.kr/news/economy/2026/06/14/20260614500077,200,success,,2026-07-14T06:25:23.679551+00:00,news_production_wages.csv
2026-06-15,생산/임금 기사,https://www.edaily.co.kr/news/newspath.asp?newsid=01548166645481720,96d7b810b396993230fa926f,2,"""물가 77% 오를때 최저임금 437% 올라…업종별 구분적용해야""",기업.IT,article_section,"정부가 내년도 최저임금을 심의 중인 가운데, 재계에서 최저임금 수준이 급격히 높아진 현 상황에서는 업종별 구분적용이 반드시 필요하다는 주장이 나왔다. 여러 선진국에서는 업종, 지역, 연령 등에 따라 일반 최저임금보다 낮은 최저임금을 적용하는 사례도 다수 있다는 것이다...",meta_description,"한국경영자총협회(경총)는 14일 ‘최저임금 업종별 구분적용의 필요성과 시사점’을 발표하고, 2027년 적용 최저임금은 업종별로 구분 적용해 시행해야 한다고 강조했다.
반면 우리 노동시장은 일부 업종이 이러한 최저임금 수준을 감당하지 못해 수용성이 현저히 저하되고 있다는 분석이다.
중위임금 대비 최저임금 수준은 숙박·음식점업에서 87.1%로 나타나, 해당 업종에 종사하는 소상공인 경영환경과 고용에 심각한 부정적 영향이 우려된다. 반면 금융·보험업은 40%대로 상대적으로 부담이 적은 것으로 분석되었다.
최저임금 수준이 중위임금보다 지나치게 높아질 경우, 일자리 감소 등 노동시장에 부정적 영향이 나타날 수 있다는 지적도 있다. 2025년 IMF 보고서는 평균임금 대비 최저임금 비율이 35%를 초과할 경우 고용에 장기적으로 부정적 충격이 발생한다고 분석했다. 우리나라의 평균임금 대비 최저임금 수준은 2025년 기준 전업종 52.7%이며, 특히 숙박·음식점업은 80.5%다.
OECD 21개국은 업종, 연령, 지역, 숙련도 등 다양한 기준에 따라 최저임금을 구분 적용하여 최저임금의 수용성을 제고해왔다.
스위스는 농업, 화훼업에 대해 일반 최저임금보다 낮은 최저임금을 설정하고 있으며, 미국 일부 주(2개주)는 연방 최저임금보다 낮은 주 최저임금을 운영하고 있다. 특히, 연령별로 구분 적용하고 있는 영국, 프랑스, 캐나다 등 OECD 10개 국가는 견습 직원이나 21세 이하에 대해 일반보다 낮은 최저임금을 적용하고 있다.
경총 하상우 이사는 “업종별로 지불 여력과 생산성이 크게 다른 상황에서, 모든 업종에 같은 최저임금을 일률적으로 적용하는 것은 현실을 충분히 반영하지 못하는 방식”이라며, “현 수준의 최저임금도 감당하기 어려운 것이 뚜렷한 업종에 대해서는 구분적용을 통해 제도의 현장 수용성을 높여야 한다”고 강조했다.",2026-06-14,이데일리,https://www.edaily.co.kr/News/Read?newsId=01548166645481720&mediaCodeNo=257,200,success,,2026-07-14T06:25:24.341946+00:00,news_production_wages.csv
2026-06-16,생산/임금 기사,https://www.kmib.co.kr/article/view.asp?arcid=1781508267,fc620a1d8a7e7464cb3aa7eb,2,"노동계, 내년도 최저임금 1만2000원 요구",사회,article_section,노동계가 내년도 최저임금으로 올해 시급 1만320원에서 16.3% 오른 1만2000원을 제시했다. 경영계에선 소상공인·자영업자의 부담을 이유로 동결이나 낮은 수준,json_ld_description,"노동계가 내년도 최저임금으로 올해 시급 1만320원에서 16.3% 오른 1만2000원을 제시했다. 경영계에선 소상공인·자영업자의 부담을 이유로 동결이나 낮은 수준의 인상 폭을 제시할 전망이어서 치열한 공방이 예상된다.
한국노총과 민주노총을 비롯한 ‘모두를 위한 최저임금운동본부’는 15일 서울 종로구 세종문화회관 앞에서 기자회견을 열고 2027년 최저임금으로 시급 1만2000원을 요구했다. 올해 최저임금위원회 논의가 시작된 이후 노동계가 내놓은 첫 수치다. 월급으로 환산하면 하루 8시간, 주 5일 근로를 전제로 월 209시간 노동 기준 250만8000원이다.
양대 노총은 “지난 3년간(2023~2025년) 최저임금 평균 인상률이 2.37%로 같은 기간 평균 물가상승률 2.66%보다 낮아 저임금 노동자의 실질임금이 하락했다”고 말했다. 최근 5년간 최저임금의 전년 대비 인상률은 2022년 5.05%, 2023년 5.0%, 2024년 2.5%, 2025년 1.7%, 2026년 2.9%였다.
이들은 “2025년 최저임금위 기준 생계비는 월 275만4000원인데 최저임금 월 환산액은 215만원 수준에 그쳐 생계비를 제대로 반영하지 못하고 있다”고 덧붙였다.
내년 적정 생계비의 시급 환산액은 1만3737원이다. 양대 노총은 현실적인 인상 폭을 고려해 적정 생계비의 87.4%인 1만2000원을 내년도 최저임금 최초 요구안으로 제시했다고 설명했다.
최저임금위는 16일 제6차 전원회의를 열고 경영계가 주장하는 업종별 차등 적용 등에 대해 논의한다. 노사 양측의 최저임금 최초 요구안은 다음 주 중 최저임금위에서 제시된 뒤 본격적으로 논의된다.
세종=황민혁 기자 okjs@kmib.co.kr
GoodNews paper ⓒ 국민일보(www.kmib.co.kr), 무단전재, 수집, 재배포 및 AI학습 이용 금지",2026-06-15,국민일보,https://www.kmib.co.kr/article/view.asp?arcid=1781508267,200,success,,2026-07-14T06:25:25.330172+00:00,news_production_wages.csv
2026-06-17,생산/임금 기사,https://www.edaily.co.kr/news/newspath.asp?newsid=04788806645482376,843ec332ad00d4300468e153,2,"최저임금 '업종별 차등적용' 논의…""자영업자 못버텨""vs""양극화 심화""",사회,article_section,"노동계와 경영계가 업종별로 최저임금을 다르게 적용할지 결정하는 논의를 시작하며 팽팽한 기싸움을 펼쳤다. 경영계는 식당이나 편의점 등 일부 업종에 낮은 최저임금을 적용해야 한다는 입장이지만, 노동계는 양극화를 오히려 심화시킬 수 있다고 반발했다. 내년도 최저임금 인상률...",meta_description,"최저임금위원회는 16일 오후 정부세종청사에서 6차 전원회의를 열고 ‘업종별 차등 적용’에 대한 첫 논의를 시작했다. 업종별 차등 적용은 경영계가 주장하는 안건으로, 매년 노사가 첨예하게 대립하는 사안이다. 최저임금법 4조에 따르면 최저임금은 사업의 종류별로 구분해 적용할 수 있다. 해당 조항은 최저임금제 시행 첫해인 1988년에 한시적으로 이뤄진 바 있다. 이후 이듬해부터 지금까지는 전 산업에 단일 최저임금을 적용하고 있다.
경영계는 특히 올해 고환율·고물가·고유가 영향으로 소상공인과 영세사업자 부담이 커진 탓에 업종별 차등적용을 한층 더 강하게 주장하고 있다. 류기정 한국경영자총연합 전무는 “업종별로 노동생산성과 임금 수준 등 차이가 명확한데도 단 하나의 기준만을 일률적으로 강제하는 건 최저임금에 대한 현장 수용성을 심각하게 떨어뜨릴 뿐”이라며 “조금이라도 소상공인들의 부담을 덜어줄 수 있는 것은 업종별 현실을 반영한 합리적 구분 적용”이라고 설명했다.
경영계는 음식·숙박업, 택시, 편의점 등 업종에 최저임금을 낮게 설정해 임금 부담을 줄여줘야 한다는 입장을 고수하고 있다. 업종별로 영업이익이 다르고 최저임금을 지불할 수 있는 능력이 다른 점을 고려해야 한다는 주장이다. 경총에 따르면 음식·숙박업과 보건사회복지업의 최저임금 미만율은 각각 31.6%, 21.4%에 달한다. 제조업의 최저임금미만율이 3.7%라는 점을 고려하면 5~8배가량 높다. 최저임금 미만율은 최저임금을 받지 못하는 근로자 비율을 추정한 것으로, 경영계에선 해당 업종이 최저임금을 감당하기 어려운 정도를 보여주는 신호로 해석한다.
업종별 차등 적용 논의는 오는 23일 열릴 8차 전체회의까지 이어질 가능성이 크다. 앞서 노동계가 주장했던 도급제 근로자의 최저임금 적용 논의를 세 차례 진행한 만큼, 업종별 차등 적용도 세 차례 회의를 거칠 전망이다. 공익위원 간사인 성재민 한국노동연구원 부원장은 “오랜 논의를 단순히 되풀이하기보다 그간 축적된 자료와 문제의식을 바탕으로 발전된 시각을 제시하면서 위원회의 판단을 정립해 나갈 때 의미가 있을 것”이라고 설명했다. 지난해 최임위 표결에서는 찬성 11표, 반대 15표, 무효 1표로 부결됐다.
최임위는 이르면 내주부터 본격적으로 최저임금 인상 수준을 결정하는 논의에 착수할 예정이다. 노동계는 전날 내년 최저임금으로 올해보다 16.3% 오른 시급 1만 2000원을 요구했다. 지난해 요구 인상률(14.7%)보다 높은 수준이다. 경영계는 아직 최저임금 최초 요구안을 발표하지 않았지만 내주 내놓을 전망이다. 올해는 고물가·고유가 상황으로 경영상 부담이 커진 점을 들어 동결이나 낮은 인상 폭을 제시할 가능성이 크다.",2026-06-16,이데일리,https://www.edaily.co.kr/News/Read?newsId=04788806645482376&mediaCodeNo=257,200,success,,2026-07-14T06:25:25.932639+00:00,news_production_wages.csv
2026-06-19,생산/임금 기사,https://www.hankyung.com/article/2026061854501,28bcce7f955d83f11a3773aa,2,최저임금 업종별 차등화 '부결',노동/취업,article_section,"최저임금 업종별 차등화 '부결', 내년에도 단일 최저임금 적용 최저임금위, 내주 인상률 협상",meta_description,"최저임금 업종별 차등화 '부결'
내년에도 단일 최저임금 적용
최저임금위, 내주 인상률 협상
내년에도 업종별 구분 없이 전 산업에 단일 최저임금이 적용된다.
최저임금위원회가 18일 정부세종청사에서 제7차 전원회의를 열어 내년 최저임금을 업종별로 달리 적용할지를 놓고 표결한 결과 반대 14표, 찬성 11표, 무효 1표로 부결됐다.
현행 최저임금법 제4조 제1항은 ‘최저임금을 사업의 종류별로 구분해 정할 수 있다’고 규정하고 있다. 최저임금제가 처음 시행된 1988년 한시적으로 구분 적용제가 도입됐지만 업종별 낙인효과를 우려한 노동계의 강한 반발로 이듬해부터 현재까지 전 산업에 단일 최저임금이 적용되고 있다.
이날 전원회의에서 경영계는 업종별 구분 적용의 필요성을 거듭 강조했다. 사용자위원인 류기정 한국경영자총협회 전무는 “경제협력개발기구(OECD) 중 21개국은 업종, 연령, 지역 등 다양한 기준으로 최저임금을 구분 적용하고 있다”고 강조했다. 양옥석 중소기업중앙회 인력정책본부장도 “숙박·음식점업 같은 취약 업종에서 최저임금 미만율(법정 최저임금조차 받지 못하는 근로자 비율)이 더 높게 나타나고 있다”며 “취약 업종의 소상공인은 법을 지키고 싶어도 도저히 지킬 수 없는 한계 상황에 직면했다”고 말했다.
반면 노동계는 최저임금 차등 적용이 문제의 본질을 비켜가는 것이라고 반박했다. 류기섭 한국노동조합총연맹 사무총장은 “자영업자 위기의 근본 원인은 플랫폼 기업의 높은 수수료, 가맹본사의 비용 전가, 과도한 임차료 등에 있다”고 주장했다. 이미선 전국민주노동조합총연맹 부위원장도 “차별을 조장하는 차등 적용 시도를 중단하고 모든 노동자의 인간다운 삶을 위해 실질 임금을 보장하라”고 말했다. 노사가 연이은 토론에도 이견을 좁히지 못해 결국 표결에 부쳐졌다.
최저임금위는 다음주 열리는 제8차 전원회의부터 본격적인 최저임금 인상률 협상에 들어간다. 노·사·공익위원 9명씩 27명으로 이뤄진 최저임금위 심의는 노사가 최초 요구안을 제시한 뒤 수정안을 거듭 내며 격차를 좁혀가는 방식으로 이뤄진다. 노동계는 지난 15일 기자회견을 열고 내년에 적용될 최저임금으로 올해보다 16.3% 오른 시간당 1만2000원을 제시했다. 경영계는 동결 또는 소폭 인상을 주장할 가능성이 높다. 최저임금위는 법적 시한상 오는 29일까지 심의를 마쳐야 한다.
ⓒ 한경닷컴, 무단전재 및 재배포 금지",2026-06-18,한국경제,https://www.hankyung.com/article/2026061854501,200,success,,2026-07-14T06:25:26.867408+00:00,news_production_wages.csv
2026-06-22,생산/임금 기사,http://www.fnnews.com/news/202606211304356176,43caa6090901962e5fada57e,2,"韓 최저임금, G7 대비 20% 높지만..생산성은 30% 낮다","['산업', '산업일반']",article_section,"우리나라 최저임금 수준이 선진국인 주요 7개국보다 평균 20% 가까이 높지만, 노동생산성은 G7 국가들의 대비 70%에도 미치지 못 하는 것으로 나타났다.이를 통해 우리나라와 G7 국가의 시간당 노동생산성을 비교해본 결과, 최저임금 수준은 연 환산액, 중위임금 대비 ..",json_ld_description,"경총, 주요 통계로 본 2027년 적용 최저임금 조정요인 분석 발표
[파이낸셜뉴스] 우리나라 최저임금 수준이 선진국인 주요 7개국(G7)보다 평균 20% 가까이 높지만, 노동생산성은 G7 국가들의 대비 70%에도 미치지 못 하는 것으로 나타났다.
한국경영자총협회는 21일 '주요 통계로 본 2027년 적용 최저임금 조정 요인 분석' 보고서를 통해 우리나라 최저임금 연간 환산액은 구매력평가환율(PPP) 기준 G7 평균보다 6.4% 높다고 밝혔다.
특히 최저임금 대상 계층의 낮은 세율로 인해 세후 기준으로 살펴보면 우리나라 최저임금은 G7 평균 보다 17.9% 높은 것으로 분석됐다.
지난 10년 간 명목임금 상승률이나 물가 상승률에 비해 최저임금 인상률이 매우 높았고, 이로 인해 우리나라는 낮은 노동생산성에도 불구하고 최저임금은 국제적으로 매우 높은 수준인 것으로 분석됐다고 경총은 설명했다.
우리나라 중위 임금 대비 최저임금 수준도 62.2%로, 적정 수준의 상한선인 60%를 넘는 것으로 나타났다. 주요 선진국 중 영국, 프랑스만이 우리와 비슷한 수준이며, G7 평균은 49.3%로 우리보다 크게 낮은 것으로 분석됐다.
최저임금과 임금·물가상승률을 비교한 결과, 지난 10년간 명목임금은 39.6%, 소비자물가지수는 22.9% 오르는데 그쳤으나 최저임금은 79.7%, 특히 주 15시간 이상 근로자 법적 최저임금 인상률은 115.9%에 달했다.
이를 통해 우리나라와 G7 국가의 시간당 노동생산성을 비교해본 결과, 최저임금 수준은 연 환산액, 중위임금 대비 모두 G7 평균보다 크게 높지만, 우리 시간당 노동생산성은 55.2달러로 G7 평균 80.2달러 대비 68.8%에 불과했다.
최저임금위 사용자위원인 경총 하상우 이사는 ""우리나라는 중위임금 대비 최저임금, 연환산 최저임금 등 최저임금 수준이 국제적으로 매우 높은 수준에 도달한 반면, 노동생산성은 평균에도 미치지 못하는 것으로 나타났다""면서 ""2027년 적용 최저임금을 단일 기준으로 결정함에 따라, 법적 강행임금인 최저임금은 숙박·음식업점과 5인 미만 사업장 등 현 최저임금도 감당하기 어려운 사업장을 기준으로 결정돼야 한다""고 강조했다.
hjkim01@fnnews.com 김학재 기자",2026-06-21,파이낸셜뉴스,https://www.fnnews.com/news/202606211304356176,200,success,,2026-07-14T06:25:27.587607+00:00,news_production_wages.csv
2026-06-22,생산/임금 기사,https://www.sedaily.com/article/20058253,a7be1b6a350eb26ed4c81c4c,2,소상공인 87% “최저임금 부담 커”…“8500~9000원이 적정”,경제,article_section,"소상공인 10명 중 9명이 현재 최저임금 수준에 부담을 느끼고 있는 것으로 조사됐다. 2026년 최저임금은 시급 1만 320원이며 주 40시간 근무 기준 월급은 215만 6880원이다. 21일 소상공인연합회가 발표한 '최저임금 인상 관련 소상공인 영향 실태조사 보고서'에 따르면 전국 소상공인 700명 중 87%가 ""현재 최저임금 수준에 관해 부담이 크다""고 답했다. 업종별로 살펴보면 △커피숍(92.9%) △이·미용실(91.7%) △기타 도소매업(91.1%) 순으로 최저임금에 큰 부담을 느끼는 비중이 컸다. 전체 비용에서 인건비 비중이 높고 평균 규모가 영세한 업종일수록 어려움을 겪는 것으로 풀이된다. 절대 다수의 소상공인은 최근 최저임금 인상으로 인해 이익이 줄었다고 생각하는 것으로 나타나기도 했다. 소상공인연합회에 따르면 고용원이 있는 사업체의 92.7%, 고용원이 없는 사업체의 88.7%가 최저임금 상승으로 영업이익이 줄었다고 밝혔다. 최저임금은 2021년 시급 8720원에서 올",json_ld_description,"소상공인 10명 중 9명이 현재 최저임금 수준에 부담을 느끼고 있는 것으로 조사됐다. 2026년 최저임금은 시급 1만 320원이며 주 40시간 근무 기준 월급은 215만 6880원이다.
21일 소상공인연합회가 발표한 ‘최저임금 인상 관련 소상공인 영향 실태조사 보고서’에 따르면 전국 소상공인 700명 중 87%가 “현재 최저임금 수준에 관해 부담이 크다”고 답했다.
업종별로 살펴보면 △커피숍(92.9%) △이·미용실(91.7%) △기타 도소매업(91.1%) 순으로 최저임금에 큰 부담을 느끼는 비중이 컸다. 전체 비용에서 인건비 비중이 높고 평균 규모가 영세한 업종일수록 어려움을 겪는 것으로 풀이된다.
절대 다수의 소상공인은 최근 최저임금 인상으로 인해 이익이 줄었다고 생각하는 것으로 나타나기도 했다. 소상공인연합회에 따르면 고용원이 있는 사업체의 92.7%, 고용원이 없는 사업체의 88.7%가 최저임금 상승으로 영업이익이 줄었다고 밝혔다.
최저임금은 2021년 시급 8720원에서 올해 1만 320원으로 5년 만에 18.3% 상승했다. 5년간 연평균 상승률은 3.23%다.
응답자들이 생각하는 적정 최저임금으로는 8500원~9000원 구간을 택한 비율이 54.7%로 가장 높았다. 9000원~9500원이라고 답한 응답자는 전체의 22.5%였다. 8500원을 선택한 비율은 18.8%였다.
내년 최저임금을 어떻게 해야 하느냐는 질문에는 응답자의 74.9%가 내려야 한다, 23.6%는 동결해야 한다고 답한 반면 올려야 한다는 의견은 1.6%에 그쳤다.
ⓒ 서울경제신문, 무단 전재-재배포, AI 학습 및 활용 금지",2026-06-21,서울경제,https://www.sedaily.com/article/20058253,200,success,,2026-07-14T06:25:28.338273+00:00,news_production_wages.csv
2026-06-23,생산/임금 기사,http://www.fnnews.com/news/202606221900309237,d0e1c1356a0eb186ae0a7446,2,"노정관계 회복이냐, 물가 잡기냐… 딜레마에 빠진 李정부 [최저임금 인상폭 논란 (중)]","['경제', '일반경제']",article_section,이재명 정부 출범 이후 두 번째 최저임금 인상폭 협상을 앞두고 물가상승 자극이라는 실물경제 셈법과 양극화 해소라는 국정기조가 본격적으로 충돌할 것으로 예상된다.최저임금은 주로 비정규직에게 체감되는 지표로 활용되는 동시에 자영업자·소상공인 등 실물경제 ..,json_ld_description,"최저임금 인상폭 논란 중
최임위, 23일부터 심의 돌입
정부, 적정임금 국정과제 추진속
실물경제 안정 사이 속내 '복잡'
일각 ""文정부 급격한 인상으로
고용 위축 부작용 불러 경계를""
이재명 정부 출범 이후 두 번째 최저임금 인상폭 협상을 앞두고 물가상승 자극이라는 실물경제 셈법과 양극화 해소라는 국정기조가 본격적으로 충돌할 것으로 예상된다. 수년간 소폭 인상에 더해 올해 성과급·부동산·코스피 등 자산 과열 양상이 노동계의 '최저임금 대폭 인상론'에 불을 지피고 있는 가운데 최근 물가방어를 시급 현안 과제로 언급한 정부의 고심도 깊어질 전망이다. 청년층 중심의 고용 위축 기조가 고착화하는 가운데 양극단에 선 경영계와 노동계 사이 실질적인 대안이 필요하다는 목소리가 나온다.
■인상론 불붙인 성과급·코스피·부동산
22일 정부에 따르면 최저임금위원회는 23일 전원회의를 열고 내년도 최저임금 수준에 대한 심의에 본격적으로 돌입한다. 앞선 회의까진 노사가 각각 주장한 도급제근로자 적용, 업종별 구분 적용 심의를 마쳤다. 최임위는 양 사안 모두 내년도 최저임금에 적용하지 않기로 했다.
노동계는 이미 1만2000원이라는 대폭 인상안을 제시했고 경영계는 동결 카드를 꺼낼 가능성이 높은 가운데, 나머지 공익위원들의 판단에 따라 내년 최저임금 수준 향방이 갈릴 것으로 점쳐진다.
내년 최저임금 수준은 직전 인상률보다 높은 수준이 제시될 가능성이 높다. 문재인 정부 후반부, 윤석열 정부, 이재명 정부 1년 차까지 약 7년간 매년 1.5~5.1%의 소폭 인상을 결정한 점을 노동계는 주요 근거로 내밀고 있다. 올해 최저임금은 전년 대비 2.9% 인상된 1만320원이다.
여기에 더해 올해 촉발된 대기업 정규직 중심의 수억원대 성과급 논란과 코스피·부동산 등 자산시장 과열 양상이 노동계의 인상론에 불을 지피고 있다.
류기섭 한국노동조합총연맹 사무총장은 지난 15일 1만2000원 요구안 기자회견에서 ""최근 대기업들의 잇따른 노동자 성과급 논란은 '같은 노동자'라는 이름 아래 존재하는 양극화된 노동시장 현실을 적나라하게 보여줬다""며 ""주식과 자산 가격이 급등하고, 노동으로 번 소득보다 투자 수익에 더 큰 관심이 쏠리는 분위기 속에서 노동의 가치는 점점 평가절하되고 있다""고 비판했다.
양경수 전국민주노동조합총연맹 위원장도 최근 기자간담회에서 ""청년 노동자들이 노동을 통해서 자기 삶을 영위하고, 퇴직연금 등을 통해서 자신의 노후를 설계할 수 있는 사회가 건강한 사회""라며 ""가계대출·마이너스통장과 같은 빚투가 과연 우리 사회를 건강하게 만드는 방향인가는 짚어볼 대목""이라고 발언한 바 있다.
■격차해소-물가방어 기조 충돌
최저임금을 바라보는 정부의 속내도 복잡하다. 최저임금은 주로 비정규직에게 체감되는 지표로 활용되는 동시에 자영업자·소상공인 등 실물경제 물가상승 압박 요인으로도 작용하기 때문이다.
정부는 노동 분야 국정과제로 적정·공정임금 등을 제시하고 있지만 동시에 최근 물가방어가 정부의 최우선 해결 현안으로 떠오르면서 최저임금 심의에도 영향을 끼칠지 주목된다.
이재명 대통령은 지난 19일 수석보좌관회의에서 ""무엇보다 시급한 과제는 첫째도 물가, 둘째도 물가""라면서 ""청와대와 정부 모두 물가 안정과 민생 회복에 사활을 거는 각오로 가용수단을 총동원해야 한다""고 강조하기도 했다.
노정관계 회복을 추진하는 정부 입장에서 노동계의 대폭 인상안을 어떻게 중재할지가 고심거리로 떠오르는 지점이다. 2000년대 이후 역대 정부의 최저임금 인상 추이를 보면 주로 정권별(3~5년 기준)로 1000원대 안팎에서 인상되는 추이를 보였다. 5년간 2690원의 인상폭을 기록하면서 역대 최고 수준을 기록한 문재인 정부만이 예외적이다.
일각에선 소득주도 성장을 목적으로 5년간 임기 초 최저임금을 대폭 인상한 문재인 정부의 전례를 답습해선 안 된다는 지적도 제기된다.
양준모 연세대 교수는 ""이론적으론 당연하지만 최저임금 인상이 실제 얼마만큼 물가 상승에 영향을 줄지에 대해선 조사가 필요하다""면서도 ""최저임금의 부작용은 이미 2018년 문재인 정권에서 경험했다. 지나치게 최저임금을 인상하는 것이 과연 청년·자영업자에게 도움이 되는지 한 번 되물어봐야 한다""고 짚었다.
jhyuk@fnnews.com 김준혁 김현철 기자",2026-06-22,파이낸셜뉴스,https://www.fnnews.com/news/202606221900309237,200,success,,2026-07-14T06:25:28.969876+00:00,news_production_wages.csv
2026-06-24,생산/임금 기사,https://www.mk.co.kr/article/12081171,3a648bd9b56241f3de91edfc,2,"勞""1만2천원"" 使 ""동결""…최저임금 신경전 - 매일경제",경제,article_section,"8차 회의서 심의 본격 돌입노동계 ""낙수효과 거꾸로 돼""경영계 ""G7보다 많이 받아""한경협 자영업자 여론조사59.2% ""지금도 고용 못할판""",json_ld_description,"Key Points
내년도 최저임금 결정을 위한 최저임금위원회 제8차 전원회의에서 노동계는 시급 1만2000원을, 경영계는 현행 수준인 1만320원 동결을 최초 제시하며 본격적인 논의를 시작했어요. 📈
노동계는 '거꾸로 된 낙수효과'와 치솟는 생계비 문제를 지적하며 최저임금 인상의 필요성을 강조했고, 경영계는 이미 높은 최저임금 수준과 G7 평균보다 높은 수준임을 근거로 동결을 주장하며 첨예하게 대립하고 있어요. ⚖️
한국경영자총협회 조사 결과, 자영업자의 59.2%가 현재 고용 여력이 없다고 답했으며, 내년 최저임금 동결을 원하는 비율이 44.6%로 가장 높게 나타나 경영계의 입장을 뒷받침하고 있어요. 😥
관련 기사들을 종합해 볼 때, 300인 미만 사업주들은 2024년 12월 조사에서도 60.4%가 동결을 주장했으며, 2019년 중소기업중앙회 조사에서도 69.0%가 동결을 희망하는 등 소규모 사업장일수록 최저임금 인상에 대한 부담이 크다는 점을 알 수 있어요. 📊
1. 사건 개요: 무슨 일이 있었나?
내년도 최저임금 인상률을 두고 노동계와 경영계의 팽팽한 줄다리기가 시작되었어요. 2026년 6월 23일, 최저임금위원회가 제8차 전원회의를 열고 본격적인 심의에 돌입했답니다. 😮
노동계에서는 시급 1만 2,000원을 제시하며 전년 대비 16.3% 인상을 요구했어요. 이는 '코스피 1만 시대'에 서민들의 삶이 나아지지 않는다며, '월급 빼고 다 올랐다'는 현실을 반영해야 한다는 목소리를 담고 있어요. 🗣️
반면 경영계는 현행 시급 1만 320원으로 동결을 주장하고 나섰어요. 한국의 최저임금이 국제적으로도 높은 수준이며, 현재도 고용 부담이 크다는 점을 강조하며 '100만 폐업 시대'를 경고하고 있어요. 😥 일부 사용자 위원들 사이에서는 삭감 의견까지 나왔다고 하네요.
실제로 한국경제인협회의 조사에 따르면, 자영업자의 57.0%가 올해 경영 상황이 악화했다고 느끼고 있으며, 44.6%는 내년 최저임금을 동결해야 한다고 답했어요. 또한, 자영업자의 59.2%는 이미 고용 여력이 없다고 밝혔답니다. 📉
이러한 상황 속에서 노사 간의 입장 차이가 커, 앞으로 치열한 논의가 예상됩니다. 🤔
2. 심층 분석: 이 뉴스는 왜 나왔나?
내년도 최저임금 인상률을 두고 노동계와 경영계 간의 팽팽한 의견 대립이 최저임금위원회의 8차 전원회의에서 본격적으로 드러났어요. 📈 노동계는 시급 1만2000원이라는 다소 파격적인 인상안을 제시하며, 경제 상황이 개선되었음에도 불구하고 저임금 노동자의 생계비 상승분을 반영해야 한다고 주장하고 있어요. 특히 '거꾸로 된 낙수효과'를 언급하며 대기업의 이윤은 늘지만, 사회적 위험과 비용은 저임금 노동자에게 전가된다는 점을 지적했어요. 💰 반면 경영계는 현행 시급 1만320원 수준으로 동결하거나, 일부에서는 삭감 의견까지 내놓으며 최저임금 인상이 자영업자와 중소기업에 큰 부담이 된다고 호소하고 있어요. 🏢 이들은 한국의 최저임금이 이미 국제 기준을 넘어섰고, 더 이상의 인상은 일자리 감소와 기형적인 고용 구조를 심화시킬 뿐만 아니라 물가 상승의 악순환을 초래한다고 강조하고 있어요. 😥
이번 논쟁의 배경에는 급격한 물가 상승과 경기 침체로 인한 경영 부담 가중, 그리고 사회적 양극화 심화라는 복합적인 요인이 작용하고 있어요. 📊 관련 기사들을 살펴보면, 2019년에도 최저임금 인상을 두고 중소기업계에서 동결 의견이 높았고, 정치권에서도 자영업자들의 불만을 의식해 동결 목소리가 나왔던 것을 알 수 있어요. 🗣️ 또한, 2024년 12월에 발표된 최저임금위원회의 보고서에 따르면, 300인 미만 사업주의 상당수가 최저임금 동결을 적정하다고 보고 있었고, 근로자들은 3~6% 인상을 희망하는 것으로 나타났어요. 이러한 과거의 사례들은 최저임금 인상을 둘러싼 노사 간의 갈등이 꾸준히 반복되어 왔음을 보여주고 있어요. 🔄
특히, 최근 조사에서 자영업자들의 과반수가 경영 상황 악화를 체감하고 있으며, 내년도 최저임금 동결을 희망하는 비율이 높다는 점은 경영계의 주장에 힘을 싣고 있어요. 📈 이는 최저임금 결정이 단순히 임금 수준을 정하는 것을 넘어, 자영업자와 중소기업의 생존과 직결되는 민감한 사안임을 방증해요. 최저임금 인상이 노동 생산성 향상이나 경제 활성화로 이어질 것이라는 낙관적인 전망과, 오히려 고용 감소와 경영난을 심화시킬 것이라는 우려가 팽팽하게 맞서고 있는 상황이에요. ⚖️
3. 주요 경과: 지금까지의 흐름 (Timeline) 🕰️
2019년 5월 중소기업 69%는 내년도 최저임금을 동결해야 한다고 응답했습니다. 이는 2009년 조사 시작 이래 가장 높은 비율이었으며, 특히 지방이나 영세업체일수록 최저임금 부담을 더 심각하게 느끼는 것으로 나타났어요. 😥 많은 중소기업들은 최저임금 동결과 함께 제도 개선의 필요성을 주장했습니다. 📊
2019년 6월 여당인 더불어민주당 내부에서 내년도 최저임금은 동결해야 한다는 목소리가 커졌습니다. 일부 의원들은 자영업자들의 불만을 의식하여 당 지도부에 최저임금 동결을 당론으로 채택할 것을 건의하기도 했어요. 🗣️ 하지만 양대 노총의 반발을 우려하는 목소리도 있었습니다. 🤔
2019년 6월 야권에서는 내년도 최저임금 동결을 주장하며, 최저임금 인상률을 경제성장률과 물가상승률의 합을 초과할 수 없도록 하는 최저임금법 개정안 추진을 공식화했습니다. ⚖️
2019년 6월 사설에서는 문재인 정부 들어 두 해 연속 두 자릿수 최저임금 인상으로 인해 중소기업 경영난, 청년 실업 증가, 소득 양극화 심화 등 경제적 부작용이 발생했다고 지적했습니다. 이에 따라 내년도 최저임금 동결이 경제 정상화를 위한 출발점이 되어야 한다고 주장했어요. 📉
2020년 6월 코로나19 충격으로 매출이 급감한 상황에서 중소기업과 소상공인들은 최저임금 동결 또는 인하를 주장했습니다. 최저임금 인상이 감원으로 이어질 수 있다는 우려가 컸어요. 😥 노동계는 오히려 최저임금 동결 시 주휴수당 폐지 등 실질적인 임금 삭감으로 이어질 수 있다며 대책 마련을 촉구했습니다. 🤝
2024년 12월 최저임금위원회 보고서에 따르면, 상시근로자 300인 미만 사업주의 60.4%가 2026년 적용될 최저임금의 적절한 수준으로 '동결'을 선택했습니다. 반면 근로자는 3~6% 인상을 가장 많이 선택했어요. 🧑💼
2025년 4월 최저임금위원회는 다가올 2026년도 최저임금 결정을 위한 심의에 돌입했습니다. 🚀
2026-06-23 (기준 시점) 내년도 최저임금 결정을 위한 최저임금위원회 제8차 전원회의가 열렸습니다. 노동계는 시급 1만2000원을 요구하며 16.3% 인상을 주장했고, 경영계는 현행 수준인 1만320원으로 동결하자고 맞섰어요. ⚔️ 경영계는 한국의 최저임금이 이미 국제적으로 높은 수준이며, 추가 인상은 고용 감소와 물가 상승의 악순환을 야기할 수 있다고 주장했습니다. 📈 노동계는 '거꾸로 된 낙수효과'가 발생하고 있다며 저임금 노동자의 생계비 위기를 강조했습니다. 😥 한편, 자영업자 대상 조사에서는 과반수가 경영 상황 악화를 호소하며 내년 최저임금 동결을 원하는 비율이 가장 높게 나타났습니다. 📉
4. 다각도 분석: 누구에게 어떤 영향을 미칠까?
5. 핵심 시사점: 그래서 무엇이 달라지는가?
내년도 최저임금 결정을 앞두고 노동계와 경영계의 입장이 첨예하게 대립하고 있어요. 📊 노동계는 시급 1만2000원을 요구하며 전년 대비 16.3% 인상을 주장하는 반면, 경영계는 현행 시급 1만320원으로 동결하자고 맞서고 있죠. 📉 이는 단순히 숫자를 놓고 벌이는 협상이 아니라, 우리 경제의 구조적인 문제와 미래 고용 시장에 대한 상반된 전망을 반영하고 있다는 점에서 주목할 필요가 있어요. 🤔
경영계는 한국의 최저임금이 이미 국제적 기준을 넘어섰고, 추가 인상은 기업의 지불 능력을 벗어나 고용 감소와 물가 상승을 야기하는 악순환으로 이어질 것이라고 우려하고 있어요. 😥 특히 자영업자들은 경영 악화를 이유로 최저임금 동결을 강력히 요구하며, 과반수가 이미 고용 여력이 없다고 답하기도 했죠. 😥 이는 최저임금 인상이 영세 사업장의 부담을 가중시켜 일자리 감소와 불안정한 고용 형태를 심화시킬 수 있다는 점을 시사해요. 📉
반면 노동계는 심화되는 노동 시장 양극화와 생계비 위기를 강조하며, 대기업의 초과 이윤이 저임금 노동자에게는 돌아오지 않는 '거꾸로 된 낙수효과'를 지적해요. 📈 코스피 지수 상승과 같은 거시 경제 지표의 개선이 저임금 노동자에게는 체감되지 않는 현실을 꼬집으며, 최저임금 인상을 통한 소득 격차 완화를 주장하고 있어요. 😟 이처럼 양측의 주장은 경제 성장과 분배, 그리고 고용 안정성 사이에서 균형점을 찾아야 하는 우리 사회의 오랜 과제를 다시 한번 보여주고 있답니다. ⚖️
과거 관련 기사들을 살펴보면, 중소기업과 자영업자들은 지속적으로 최저임금 동결을 요구해 왔으며, 특히 경제 상황이 어려울 때는 이러한 목소리가 더욱 커졌어요. 📈 2019년과 2020년 기사에서도 유사한 패턴을 확인할 수 있는데, 이는 최저임금 결정 과정에서 현장의 목소리가 얼마나 중요한지를 보여줘요. 🗣️ 또한, 정치권에서도 자영업자들의 표심을 의식해 최저임금 동결에 대한 논의가 있었던 점은, 최저임금 결정이 경제 문제뿐만 아니라 정치적인 맥락도 함께 가지고 있음을 시사해요. 🗳️ 이러한 역사적 맥락을 고려할 때, 올해의 최저임금 협상 또한 단순한 노사 간의 입장 차이를 넘어, 우리 경제와 사회 전반에 걸쳐 광범위한 영향을 미칠 중요한 결정이 될 것으로 보여요. 🌟
6. 향후 전망: 시나리오별 예측
현 상태 유지 및 안착 시나리오 현재 최저임금 인상을 둘러싼 노동계와 경영계의 팽팽한 대립이 이어지며, 최종적으로는 큰 폭의 인상보다는 소폭 인상이나 동결 수준에서 결정될 가능성이 있어요. 📈 이는 관련 기사에서 나타난 경영계의 강력한 동결 주장, 자영업자들의 경영 악화 호소, 그리고 중소기업들의 높은 동결 찬성 비율(연관뉴스2, 5) 등 현실적인 경제 상황을 반영한 결과일 수 있어요. 최저임금위원회의 심의 과정에서 이러한 경제 주체들의 의견이 상당 부분 반영되어, 큰 변화 없이 현재의 흐름대로 정착될 것으로 예상해요. 📊
영향력 확대 및 가속 시나리오 노동계가 요구하는 1만2000원 인상이 상당 부분 반영되어 최저임금이 큰 폭으로 인상될 경우, 물가 상승 압력이 더욱 거세지고 소비 심리에 부정적인 영향을 미칠 수 있어요. 📉 이는 경영계가 우려하는 것처럼 인건비 부담 증가로 이어져 제품 및 서비스 가격 인상, 나아가서는 고용 감소나 초단기 근로 증가와 같은 고용 구조의 왜곡을 심화시킬 수 있습니다. 😥 또한, 급격한 최저임금 인상은 경제적 양극화를 더욱 심화시키고, 특히 영세 자영업자와 중소기업의 경영난을 가중시켜 사회 전반의 경제적 불안정성을 높일 가능성이 있어요. ⚖️
변수 발생 및 흐름 반전 시나리오 만약 정부나 최저임금위원회가 예상치 못한 외부 요인(예: 급격한 경기 변동, 주요 국가의 경제 정책 변화 등)을 고려하거나, 정치적인 판단에 따라 결정이 달라질 경우, 현재의 노사 간 팽팽한 대립 구도가 예상과 다른 방향으로 흘러갈 수 있어요. 🌪️ 예를 들어, 정치권의 개입이나 사회적 합의를 위한 파격적인 제안 등이 등장한다면, 현재의 '1만2000원 vs 동결'이라는 단순 대립 구도를 넘어선 새로운 논의가 시작될 수도 있답니다. 💡 혹은, 노사 양측이 한 발씩 물러서 타협점을 찾거나, 최저임금 결정 체계 개편과 같은 구조적인 변화가 논의되는 과정에서 예상치 못한 방향으로 결정이 이루어질 가능성도 배제할 수 없어요. 🔄️
[주요 용어 해설 (Glossary)]
최저임금 국가에서 법으로 최저 임금을 정해두고, 사용자는 이 금액보다 적은 임금을 근로자에게 지급할 수 없도록 하는 제도예요. 💰 이를 통해 저임금 근로자의 생활을 보장하고 소득 격차를 줄이는 것을 목표로 한답니다. 매년 최저임금위원회에서 노동계와 경영계의 의견을 수렴하여 다음 해의 최저임금 수준을 결정하게 되는데, 올해는 노동계가 1만 2000원, 경영계는 현행 수준인 1만 320원으로 동결을 주장하며 팽팽한 신경전을 벌이고 있어요. 🤔
낙수효과 경제 성장으로 인해 부유층이나 대기업이 얻은 이익이 사회 전체로 퍼져나가 결국 저소득층에게까지 혜택이 돌아갈 것이라는 이론이에요. 🌊 마치 높은 곳에서 낮은 곳으로 물이 떨어지듯 경제적 혜택이 자연스럽게 흘러내려갈 거라는 의미를 담고 있죠. 하지만 노동계에서는 현재 '거꾸로 된 낙수효과'가 나타나고 있다고 주장하고 있어요. 이는 대기업의 이윤은 위로만 쏠리고, 사회적 위험이나 비용은 노동시장 하부로 흘러들어가는 현상을 의미한답니다. 📉
중위임금 모든 근로자의 임금을 낮은 순서대로 나열했을 때 정확히 가운데에 있는 임금 수준을 말해요. 📊 즉, 전체 근로자의 절반은 중위임금보다 많이 벌고, 절반은 그보다 적게 번다고 볼 수 있답니다. 한국의 최저임금이 중위임금 대비 62.2%라는 것은, 최저임금으로 일하는 근로자들의 임금이 중간값보다 상당히 낮다는 것을 의미하기도 해요. 😥 이는 경제협력개발기구(OECD) 국가들의 일반적인 기준인 50%~60% 범위를 넘어서는 수준이라는 분석도 있어요.",2026-06-23,매일경제,https://www.mk.co.kr/news/society/12081171,200,success,,2026-07-14T06:25:30.039786+00:00,news_production_wages.csv
2026-06-24,생산/임금 기사,https://www.kmib.co.kr/article/view.asp?arcid=1782202417,6b9f2e955f7c06e717f36243,2,"‘사장님’ 3명 중 1명, 매달 최저임금도 못 번다",경제,article_section,국내 자영업자 절반 이상이 지난해보다 경영 상황이 악화됐다고 인식하는 것으로 조사됐다. 자영업자 3명 중 1명은 월평균 소득이 최저임금에도 미치지 못한다,json_ld_description,"국내 자영업자 절반 이상이 지난해보다 경영 상황이 악화됐다고 인식하는 것으로 조사됐다. 자영업자 3명 중 1명은 월평균 소득이 최저임금에도 미치지 못한다고 답했다. 고환율·고유가에 따른 원가 부담 가중과 내수 침체 장기화의 영향으로 분석된다.
23일 한국경제인협회가 여론조사기관 모노리서치에 의뢰해 전국 자영업자 500명을 대상으로 실시한 ‘2026년 자영업자 경영환경 인식 조사’에 따르면 응답자 57.0%는 올해 경영 상황이 지난해보다 나빠졌다고 답했다. 개선됐다는 응답은 8.4%에 그쳤다. 지난해와 비슷하다는 응답은 34.6%였다.
업종별로 보면 도·소매업과 숙박·음식점업종 등 경기민감 업종의 경영 부담이 가중됐다. 도·소매업과 숙박음식점업은 각각 66.3%, 65.8%가 경영 환경이 악화됐다고 응답했다. 이어 예술·스포츠·여가서비스업(58.2%), 운수·창고업(53.3%) 등이 뒤를 이었다.
특히 응답자 34%의 월평균 소득이 올해 최저임금 월 환산액인 215만6880원(주 40시간 기준)보다 적었다. 최저임금 수준 이상 250만원 미만 17.0%, 250만원 이상 300만원 미만 19.8%, 350만원 이상 400만원 미만은 11.4%로 집계됐다. 월 400만원 이상 번다는 자영업자는 6.6%에 불과했다.
자영업자들은 내년도 최저임금의 동결을 바라는 분위기다. 고물가로 재료비 부담도 만만치 않은데 인건비까지 오르면 감당하기 어렵기 때문이다. 내년 최저임금 적정 수준을 묻는 질문에 44.6%가 ‘동결’이라고 했다. 인하를 요구한 응답자도 13.0%였다. 인건비 비중이 높은 숙박·음식점업의 경우 동결을 요구하는 비중이 56.6%로 절반을 웃돌았다.
최저임금이 추가로 오를 경우 고용 계획에 대해서는 인상률이 1~3% 미만일 때 12.2%가, 3~6% 미만일 때 11.6%가 ‘신규 채용을 포기하거나 기존 인력을 감축하겠다’고 밝혔다. 폐업 우려도 표했다. 응답자의 25.2%는 ‘현재 최저임금 수준으로도 이미 한계 상황’이라고 말했다. 또 이런 상황에서 최저임금이 1~3% 미만 인상될 경우 14.6%가, 3~6% 미만 인상될 경우 12.0%가 추가로 폐업을 고려하겠다고 답했다.
이상호 한경협 경제본부장은 “환율·기름값이 오르고 내수 침체가 길어지면서 자영업자들이 버티기 힘든 구조”라며 “최저임금 결정 시 사업주 지불 능력과 고용 여건, 경제 상황 등을 고려한 신중한 접근이 필요하다”고 말했다.
GoodNews paper ⓒ 국민일보(www.kmib.co.kr), 무단전재, 수집, 재배포 및 AI학습 이용 금지",2026-06-24,국민일보,https://www.kmib.co.kr/article/view.asp?arcid=1782202417,200,success,,2026-07-14T06:25:31.069271+00:00,news_production_wages.csv
2026-06-26,생산/임금 기사,https://www.newstomato.com/ReadNews.aspx?no=1305214,490fa74675f4811281c1ff09,2,"노사, 최저임금 줄다리기에…법정 심의 시한 초과 가시화","뉴스토마토, NewsTomato, 토마토뉴스, 경제신문, 경제뉴스, 경제인터넷신문, 이토마토, 증권, 주식, 주식투자",keywords,"노동계 ""생계비 부담에 인상 필요""…경영계 ""인건비 부담 존재""",json_ld_description,,2026-06-25T15:59:48+09:00,뉴스토마토,https://www.newstomato.com/ReadNews.aspx?no=1305214,200,incomplete,제목 누락 또는 정제 본문 200자 미만,2026-07-14T06:25:31.689370+00:00,news_production_wages.csv
2026-06-30,생산/임금 기사,http://www.viva100.com/article/20260629500484,5d63560f8a8702592db2a6f0,2,중소제조업 평균 일급 12만원 돌파… 중소기업계 “최저임금 동결해야”,중소제조업 평균 일급 12만원 돌파… 중소기업계 “최저임금 동결해야”,title_fallback,중소제조업 생산직 근로자의 평균 일급이 12만원을 넘어선 것으로 나타났다. 매년 인건비가 꾸준히 오르는 가운데 중소기업계는 경영 부담이 커지고 있다며 내년도 최저임금 동결을 거듭 촉구했다. 중소기업중앙회는 중소제조업 1500개사(매출액 30억원 이상·상시근로자 10인,meta_description,"생산직 평균 일급 전년 대비 5.8% 상승 중소기업 10곳 중 6곳 “내년 최저임금 동결·인하 필요”
중소제조업 생산직 근로자의 평균 일급이 12만원을 넘어선 것으로 나타났다. 매년 인건비가 꾸준히 오르는 가운데 중소기업계는 경영 부담이 커지고 있다며 내년도 최저임금 동결을 거듭 촉구했다.
중소기업중앙회는 중소제조업 1500개사(매출액 30억원 이상·상시근로자 10인 이상) 129개 직종을 대상으로 실시한 ‘2026년 상반기 중소제조업 직종별 임금조사’ 결과를 29일 발표했다.
조사 결과 올해 3월 기준 중소제조업 생산직 근로자의 평균 일급은 12만610원으로 집계됐다. 이는 지난해 같은 기간(11만4,007원)보다 5.8%, 지난해 하반기(11만4,682원)보다 5.2% 각각 상승한 수준이다.
주요 직종별로는 단순노무종사원의 평균 일급이 9만5767원으로 전년 대비 5.6% 올랐다. 작업반장은 13만9712원에서 14만7122원으로 5.3%, 부품조립원은 10만5323원에서 11만36원으로 4.5% 각각 상승했다.
직종별 평균 일급은 화학공학품질관리사가 17만4040원으로 가장 높았으며, 신발제조기조작원은 8만7798원으로 가장 낮았다. 이번 조사 결과는 다음달 1일부터 국가를 당사자로 하는 계약의 노무비 기준 단가로 활용된다.
중소기업계는 최저임금 인상에 따른 기업경영의 부담을 호소하며 내년도 최저임금 동결을 꾸준히 요구하고있다.
중소기업중앙회는 이달 24일 여의도 중소기업중앙회에서 ‘중소기업·소상공인 생존을 위한 최저임금 결정 촉구’ 기자회견을 열고 중소기업과 소상공인의 경영 여건을 고려한 최저임금 결정이 필요하다고 주장했다.
기자회견에 참석한 업종별 대표들은 “고물가와 경기침체로 중소기업과 소상공인의 부담이 한계에 이르렀다”며 “내년도 최저임금을 현 수준으로 동결해야 한다”고 촉구했다. 아울러 취약 업종의 부담을 완화하기 위한 업종별 최저임금 구분 적용도 지속적으로 추진해야 한다고 강조했다.
중소기업중앙회가 중소기업·소상공인 994개사를 대상으로 실시한 실태조사에서도 이러한 분위기가 확인됐다.
응답 기업의 62.6%는 2027년도 최저임금을 동결하거나 인하해야 한다고 답했다. 현재 최저임금이 경영에 부담이 된다는 응답은 77.6%에 달했으며, 임금 부담 증가의 가장 큰 요인으로는 52.3%가 최저임금 인상을 꼽았다.
또 최저임금이 감당하기 어려운 수준까지 오를 경우 신규 채용 축소나 기존 인력 감원 등 고용을 줄이겠다는 응답도 48.6%로 나타났다. 응답자의 76.1%는 업종별 최저임금 구분 적용이 필요하다고 답했다.
이재광 중소기업중앙회 노동인력위원회 위원장은 “중소기업과 소상공인은 고물가·고금리·고유가·고환율의 4중고를 겪고 있다”며 “지불 능력을 고려하지 않은 최저임금 인상은 일자리 감소와 경영 악화로 이어질 수 있는 만큼 내년도 최저임금은 현 수준에서 결정돼야 한다”고 말했다.",2026-06-29,브릿지경제,https://www.viva100.com:443/article/20260629500484,200,success,,2026-07-14T06:25:33.549338+00:00,news_production_wages.csv
2026-06-30,생산/임금 기사,https://www.donga.com/news/article/all/20260630/134205322/2,ff77fb55b0988760319fa62e,2,올해도 시한 넘긴 최저임금… “노사 줄다리기 38년 구조 바꿔야”,"사회,노동,경제,경제일반,최저임금 논란,고용",article_section,내년도 최저임금을 결정하는 최저임금위원회가 법정 심의 기한인 이달 29일을 결국 넘겼다. 노동계와 경영계가 각각 제시한 최저임금 최초 요구안부터 1680원의 격차를 보이며 평행선…,json_ld_description,"勞 “16.3% 인상” 使 “동결” 맞서
38년간 법정 시한내 합의 9번 그쳐
佛 물가지수-獨 임금인상률 등 반영
“현행 27명 거수기 방식 결정 벗어나… 전문가 참여-토론 통해 갈등 줄여야”
내년도 최저임금을 결정하는 최저임금위원회가 법정 심의 기한인 이달 29일을 결국 넘겼다. 노동계와 경영계가 각각 제시한 최저임금 최초 요구안부터 1680원의 격차를 보이며 평행선을 달리는 가운데 30일 열리는 회의에서 노사 간 샅바싸움이 계속될 것으로 전망된다.
1988년 최저임금 제도가 시행된 이후 38년간 최저임금위가 법정 심의 기한을 지킨 것은 9차례에 불과해 최저임금 결정 구조를 바꿔야 한다는 지적이 잇따르고 있다.
● 올해도 법정 시한 넘긴 최저임금 결정
29일 고용노동부에 따르면 최저임금위는 30일 오후 정부세종청사에서 제10차 전원회의를 열고 노사 양측으로부터 1차 수정안을 받은 뒤 2027년도에 적용할 최저임금에 대한 논의를 이어갈 방침이다. 앞서 노동계는 올해 시급 1만320원보다 16.3% 오른 1만2000원을, 경영계는 동결을 최초 요구안으로 제시했다.
현행법상 최저임금위는 고용노동부 장관의 심의 요청을 받은 뒤 90일 이내에 최저임금안을 의결해 제출해야 한다. 올해는 6월 29일까지였지만, 노사 간 입장 차가 좁혀지지 않으면서 법정 시한을 지키지 못하게 됐다.
게다가 올해는 배달 라이더와 택배 기사 등 ‘도급제 근로자’에 대한 최저임금 적용과 업종별 차등 적용 여부를 두고 표결까지 거치면서 내년도 임금 수준 논의는 법정 기한 직전에야 본격화됐다.
노동계 안팎에서는 최저임금 의결이 데드라인을 넘기는 것이 사실상 관행으로 굳어졌다는 지적이 나온다. 1988년 제도 시행 이후 최저임금위가 법정 기한을 맞춘 적은 9번에 그친다. 최근 10년으로 좁혀도 2023년도 최저임금을 결정한 2022년 1번뿐이다.
● “전문가 늘리고 객관적 지표 마련해야”
노사 공방 중심의 최저임금 결정 구조도 문제로 지적된다. 최저임금위는 근로자·사용자·공익위원 9명씩 27명으로 구성된다. 하지만 노사가 각자 제출한 인상률을 놓고 접점을 찾지 못하면 합의를 보는 대신 공익위원의 중재안을 표결에 부치는 사례가 매년 반복되고 있다. 노사 간 합리적이고 생산적인 논의가 이뤄지기보다는 정부가 임명권을 가진 공익위원이 정부 기조에 맞춰 중재안을 내고 캐스팅보트를 행사하는 것이 관례처럼 된 것이다.
최저임금을 산출하는 객관적이고 합리적인 기준이 없이 주먹구구식으로 결정하는 것도 문제로 꼽힌다. 한국과 달리 주요 선진국은 객관적인 지표를 바탕으로 명문화된 임금 산정 공식을 마련했으며, 전문가 의견을 최대한 반영해 갈등 요인을 사전에 차단한다.
프랑스는 소비자물가지수와 구매력 상승률 등을 기준으로 최저임금을 결정하고 독일은 단체협약 임금 인상률 등을 주요 기준으로 삼는다. 영국은 독립자문기구인 저임금위원회가 고용, 소득, 기업 부담 등 실태 조사를 통해 정부에 최저임금 수준을 권고한다. 프랑스도 독립된 전문가그룹이 국가 재정과 경제 전반에 대한 분석을 바탕으로 최저임금 인상률 보고서를 제출한다.
역대 정부도 이 같은 문제를 감안해 최저임금위의 전문가 참여를 높이고 경제, 고용 지표 등을 참고해 결정하는 방향으로 제도 개선을 추진했지만 노동계의 반발로 번번이 무산됐다. 지난해도 정부가 꾸린 ‘최저임금 제도 개선 연구회’가 개선안을 제시했지만 노동계 반대를 넘지 못했다.
박지순 고려대 법학전문대학원 교수는 “현행 27명 체제는 합리적인 토론보다 거수를 위한 구조인 만큼 전문가 중심으로 바꿔야 한다”며 “최저임금은 노동시장의 기준금리 같은 역할을 하기 때문에 객관적, 과학적인 통계 기반 위에서 논의돼야 한다”고 했다.",2026-06-30,동아일보,https://www.donga.com/news/article/all/20260630/134205322/2,200,success,,2026-07-14T06:25:32.905906+00:00,news_production_wages.csv
2026-07-01,생산/임금 기사,https://www.segye.com/newsView/20260630516938,3d135955091bb8840fe2f0a7,2,최저임금 2차 수정안 격차 1540원,사회일반,article_section,노동계와 경영계가 내년도 최저임금 요구액 2차 수정안으로 각각 시간당 1만1900원과 1만360원을 제시했다. 올해도 최저임금 심의 및 의결이 법정 기한 안에 이뤄지지 못한 상황에 이 같은 수정안을 바탕으로 팽팽한 줄다리기를 이어갈 것으로 보인다. 노사는 30일 정부세종청사에서 열린 최저임금위원회 제10차 전원회의에서 1·2차 수정안을 연달아 제시했다.,json_ld_description,"최초 대비 100원 인하·40원 인상
7월 중순께 최종안 제출 목표
노동계와 경영계가 내년도 최저임금 요구액 2차 수정안으로 각각 시간당 1만1900원과 1만360원을 제시했다. 올해도 최저임금 심의 및 의결이 법정 기한 안에 이뤄지지 못한 상황에 이 같은 수정안을 바탕으로 팽팽한 줄다리기를 이어갈 것으로 보인다.
노사는 30일 정부세종청사에서 열린 최저임금위원회 제10차 전원회의에서 1·2차 수정안을 연달아 제시했다. 노동계는 2차 수정안에서 최저임금 최초 요구안 대비 100원을 내렸고, 경영계는 40원을 올렸다.
앞서 노사는 23일 열린 제8차 전원회의에서 최초 요구안을 제출했다. 당시 근로자 측은 올해 최저임금인 1만320원보다 16.3% 인상한 1만2000원을 제시했지만, 사용자 측은 1만320원 동결을 요구했다. 이날 수정안 제시로 양측이 요구하는 최저임금액 격차는 1680원에서 1540원으로 좁혀졌다. 다만 여전히 간극은 큰 상황이다.
노사는 앞으로도 여러 차례 수정안을 제시하며 추가 조율을 이어갈 것으로 보인다.
문제는 올해도 최저임금 심의 법정 시한이 지켜지지 못했다는 점이다. 최저임금 심의 시한은 고용노동부 장관의 심의 요청을 받은 날로부터 90일 후다. 올해는 6월29일 자정까지였다. 추후 행정절차 등을 고려하면 최저임금위는 적어도 7월 중순까지는 최저임금안을 노동부 장관에게 제출해야 한다.
노동계는 최저임금 인상 없이는 침체된 내수 경제도 살리기 힘들다고 주장했다.
류기섭 한국노총 사무총장은 “올해도 심의기한을 넘긴 채 논의를 이어가고 있다”며 “최저임금 결정을 기다리고 있을 노동자들께 사과의 말씀을 드린다”고 언급했다. 류 총장은 “과감한 최저임금 인상 없이는 지금의 침체된 내수 경제를 다시 움직이기 어렵다”며 “최저임금은 단순히 최저 비용이 아니다. 노동의 가치와 소득분배의 원칙, 그리고 복지의 관점이 함께 담겨 있다”고 강조했다. 그러면서 “노사 간 최저임금 최초 제시안의 격차가 1680원인데, 오늘 심의에서 사용자위원과 노동자위원 모두 각자의 입장에서 조금씩 격차를 좁히기 위해 최선을 다하겠다”고 밝혔다.
경영계는 경제 전반의 파급 효과를 고려해 최저임금 수준을 정해야 한다고 강조했다. 류기정 한국경영자총협회 전무는 “올해 최저임금은 시급 1만320원이지만 주휴 수당을 고려하면 이미 1만2000원을 넘었다”며 “부담이 더 가중된다면 영세 중소기업과 소상공인은 사업 축소나 폐업까지 고민하지 않을 수 없을 것”이라고 말했다.
Copyright ⓒ 세계일보. 무단 전재 및 재배포 금지",2026-06-30,세계일보,https://www.segye.com/newsView/20260630516938,200,success,,2026-07-14T06:25:34.264129+00:00,news_production_wages.csv
2026-07-03,생산/임금 기사,https://www.hankyung.com/article/2026070227121,7dd583ae77deae45f6796250,2,"""최저임금 또 올리면 물가에 기름 붓는 격""",노동/취업,article_section,"""최저임금 또 올리면 물가에 기름 붓는 격"" , 소상공인연합회, 동결 촉구",meta_description,"""최저임금 또 올리면 물가에 기름 붓는 격""
소상공인연합회, 동결 촉구
소상공인 단체가 내년도 최저임금을 동결해야 한다고 최저임금위원회에 요구했다. 소상공인의 지급 능력이 이미 한계에 도달한 데다 최저임금 인상이 외식비와 서비스 요금 등을 끌어올려 정부의 물가 안정 기조와 정면으로 충돌할 수 있다는 주장이다.
소상공인연합회는 2일 세종시 고용노동부 앞에서 기자회견을 열고 “대통령도 물가 안정과 민생 회복을 최우선 과제로 주문했다”며 “소비자물가 상승률이 30개월 만에 최고 수준을 기록한 상황에서 최저임금까지 오르면 물가 상승에 기름을 붓는 결과가 될 것”이라고 주장했다. 이어 “뒤틀린 고용 시장을 진정시키기 위해 ‘동결 수준’의 합리적인 상생안을 도출해야 한다”고 강조했다.
금지선 한국메이크업미용사회 회장은 “최근 10년간 소비자물가는 22.9%, 명목임금은 39.6% 오른 데 비해 최저임금은 79.7% 상승했다”며 “감당할 수 없는 최저임금 인상을 한 번이라도 멈춰야 한다”고 말했다.
노동계는 내년 최저임금으로 올해(1만320원)보다 14.4% 인상된 1만1800원을, 경영계는 0.7% 오른 1만390원을 제시했다. 최저임금위원회는 이미 법정 심의 기한인 6월 29일을 넘겼다. 이르면 다음주 내년도 최저임금이 최종 결정될 전망이다.
윤영발 한국자동판매기운영업협동조합 이사장은 “최저임금이 인상되면 주휴수당을 포함한 실제 시급은 1만3000원 수준까지 올라갈 것”이라며 “결국 고령층과 미숙련 근로자의 일자리가 먼저 사라질 것”이라고 했다.
ⓒ 한경닷컴, 무단전재 및 재배포 금지",2026-07-02,한국경제,https://www.hankyung.com/article/2026070227121,200,success,,2026-07-14T06:25:35.364143+00:00,news_production_wages.csv
2026-07-03,생산/임금 기사,https://www.newstomato.com/ReadNews.aspx?no=1306021,ba1ba8cc831fa44a8582fe45,2,"""1만1800원 대 1만390원""...고작 130원 좁혀진 '최저임금'","뉴스토마토, NewsTomato, 토마토뉴스, 경제신문, 경제뉴스, 경제인터넷신문, 이토마토, 증권, 주식, 주식투자",keywords,노동계 1만1800원·경영계 1만390원 제시…3차 수정안에도 이견 여전,json_ld_description,,2026-07-02T18:02:09+09:00,뉴스토마토,https://www.newstomato.com/ReadNews.aspx?no=1306021,200,incomplete,제목 누락 또는 정제 본문 200자 미만,2026-07-14T06:25:34.708535+00:00,news_production_wages.csv
2026-07-06,생산/임금 기사,https://www.mt.co.kr/economy/2026/07/05/2026070315445173317,b5af3ee768c95ce659d87ed0,2,"내년 최저임금, 노사 합의·공익위원 선택 변수…3가지 포인트는? - 머니투데이",economy,article_section,"내년 최저임금이 이번주 중 결정될 것으로 예상되는 가운데 최저임금 인상률과 노사 합의 여부, 공익위원의 선택 등이 최저임금 결정 과정에서 지켜볼 포인트로 꼽힌다. 5일 고용노동부에 따르면 최저임금위원회는 오는 7일 2027년도 최저임금 결정을 위한 제12차 전원회의를 열고 최저임금 논의를 이어갈 예정이다.",json_ld_description,"내년 최저임금이 이번주 중 결정될 것으로 예상되는 가운데 최저임금 인상률과 노사 합의 여부, 공익위원의 선택 등이 최저임금 결정 과정에서 지켜볼 포인트로 꼽힌다.
5일 고용노동부에 따르면 최저임금위원회는 오는 7일 2027년도 최저임금 결정을 위한 제12차 전원회의를 열고 최저임금 논의를 이어갈 예정이다. 지난 2일 열린 11차 전원회의에서 노사 양측은 최저임금 3·4차 수정안을 각각 제시했지만 격차를 크게 좁히지 못했다.
최초 제시안은 근로자위원이 올해 대비 16.3% 오른 1만2000원(이하 시간당), 사용자위원은 올해와 같은 1만320원을 제시했다. 4차 수정안에서는 노측이 1만1700원, 사측이 1만410원으로 양측의 격차는 1290원이다.
12차 전원회의에서도 결론을 내지 못하면 9일 전원회의를 한 번 더 열고 논의를 이어갈 가능성이 높다. 최저임금법에 따라 노동부 장관은 매년 8월5일 내년도 최저임금을 결정해 고시해야 한다. 행정절차에 소요되는 기간을 감안하면 7월 중순 이전에는 논의를 마무리 지어야 한다. 지난해에는 7월10일 밤 11시30분쯤 최저임금이 결정됐다.
관전 포인트는 크게 3가지다. 첫번째는 인상률이다. 근로자위원은 최근 3년 간 최저임금 인상률이 1~2%대에 머물면서 최저생계비조차 충족하지 못한 상황이라고 지적한다. 최근 중동전쟁에 따른 국제유가 상승 등의 영향으로 물가상승률이 3% 이상 높게 유지되면서 최저임금 역시 이전보다 높은 인상률을 적용해야 한다는 주장이다.
그동안 최저임금 인상률은 5~7%대로 물가상승률 대비 4~5%포인트 높은 수준에서 결정돼 왔다. 하지만 문재인정부 들어 최저임금 1만원 공약 달성을 위해 2018년과 2019년 각각 16.4%, 10.9% 인상을 결정했고 이후 누적된 최저임금 인상 부담과 경기침체 등이 겹치며 인상률은 다시 1~2%대로 내려왔다.
2025년의 경우 물가는 2.1% 올랐으나 최저임금은 1.7% 인상에 그치면서 사실상 실질임금은 마이너스로 돌아섰다. 올해는 높은 물가가 유지되고 경제성장률 상향 조정이 이어지고 있다는 점 등이 최저임금 결정에 영향을 미칠 것으로 보인다.
두번째 포인트는 2년 연속 노사 합의에 의한 최저임금 결정 여부다. 지난해에는 최저임금 결정 마지막 날 10시간이 넘는 마라톤 회의 끝에 노사 합의에 의해 최저임금을 결정했다. 노사 합의로 최저임금을 결정한 것은 2008년 이후 17년만이었다.
1988년 최저임금제도가 시행된 이후 노사 합의에 의해 최저임금이 결정된 사례는 1989년, 1991년, 1993년, 1995년, 1999년, 2007년, 2008년, 2025년 등 8차례 뿐이었다. 대부분은 노사 간 의견 차이로 인해 합의에 이르지 못하고 표결에 의해 최저임금이 결정돼 왔다.
세번째 포인트는 캐스팅보트를 쥔 공익위원의 선택이다. 노사 합의가 이뤄지지 않을 경우 공익위원은 일종의 중재안인 심의촉진구간을 제시하고 그 범위 안에서 노사공 위원들의 표결로 최저임금을 결정한다.
최임위는 근로자위원, 사용자위원, 공익위원 각 9명씩 총 27명으로 구성된다. 표결에 들어갈 경우 결국 중간 위치에 있는 공익위원의 결정이 중요해진다.
현재 13대 최임위의 활동 기간은 2024년5월부터 2027년5월까지 3년간이다. 13대 최임위 첫 해였던 2024년에는 표결을 통해 2025년 인상률이 결정됐는데 공익위원 다수가 사용자측의 손을 들어주면서 1.7%의 낮은 인상률이 결정됐다. 올해는 지난해 공익위원 2명이 사퇴함에 따라 새로운 공익위원으로 교체됐다. 공익위원 구성의 일부 변화가 최저임금 결정의 변수로 작용할 가능성도 있다.",2026-07-05,머니투데이,https://www.mt.co.kr/economy/2026/07/05/2026070315445173317,200,success,,2026-07-14T06:25:36.037225+00:00,news_production_wages.csv
2026-07-08,생산/임금 기사,https://www.mk.co.kr/news/society/12092644,8446abb157b81b84d60303f7,2,내년 최저임금 노사 격차 '990원' 남았다 - 매일경제,사회,article_section,"6차 수정안 여전히 팽팽勞, 10.9% 오른 1만1450원使, 1.4% 오른 1만460원 제시공익위원 중재 나설지 촉각",json_ld_description,"Key Points
2027년도 최저임금 결정을 위한 논의가 최저임금위원회 제12차 전원회의에서 6차 수정안 제출에도 불구하고 노동계 1만1450원, 경영계 1만460원으로 990원의 격차를 보이며 난항을 겪고 있어요. 🗓️
최저임금위원장은 노사 자율 합의를 존중하며 최후까지 기다리겠다는 입장이지만, 간극이 좁혀지지 않을 경우 공익위원들이 제시하는 '심의 촉진 구간' 내에서의 합의나 표결이 이루어질 가능성이 있어요. 🤔
경영계는 영세 소상공인의 어려운 경제 상황을 고려해야 한다는 입장을 고수하는 반면, 노동계는 반도체 산업 호황 속에서 저임금 노동자의 임금 격차와 소득 불평등 심화를 지적하며 인상을 촉구하고 있어요. 🏢💰
과거에도 최저임금 결정 과정에서 노사 간 갈등이 반복되어 공익위원 중재안으로 결정되는 경우가 많았으며, 이는 합리적인 산출 기준 부재와 결정 구조 개혁 필요성에 대한 지적을 낳고 있어요. 📈
1. 사건 개요: 무슨 일이 있었나? 🧐
2027년도 최저임금 결정을 앞두고 노동계와 경영계가 막바지 협상에 돌입했어요. 👔💰 7월 7일, 최저임금위원회 제12차 전원회의에서 노사는 6차 수정안을 제출했지만, 아쉽게도 여전히 990원의 차이를 좁히지 못하고 있는 상황이랍니다. 😟
노동계는 현재 최저임금보다 10.9% 오른 1만 1450원을 제시했고요, 경영계는 1.4% 인상된 1만 460원을 제안했어요. 📊 이렇게 양측의 입장이 팽팽하게 맞서면서, 최저임금위원회의 공익위원들이 어떤 중재안을 제시할지에 많은 관심이 쏠리고 있어요. 🤔
경영계는 영세 소상공인들의 어려운 경제 상황을 고려해 물가 상승률에 맞춰 최저임금을 결정해야 한다는 입장을 고수하고 있어요. 📉 반면 노동계는 반도체 산업의 호황 속에서도 저임금 노동자들의 임금 격차와 소득 불평등이 심화되고 있다며, 생존권 보장을 위한 인상 필요성을 강조하고 있답니다. ✊
2. 심층 분석: 이 뉴스는 왜 나왔나?
내년도 최저임금 결정을 앞두고 노동계와 경영계가 여전히 990원의 격차를 좁히지 못하고 있다는 소식이 전해지고 있어요. 🤝 이는 최저임금 결정 과정이 과거부터 반복되어 온 노사 간의 팽팽한 줄다리기 양상을 보여주고 있다는 맥락을 담고 있습니다. 2014년 연관뉴스 1을 보면, 당시에도 노사는 최저임금 인상률을 두고 큰 이견을 보였고, 결국 노사 합의로 결정된 것이 이례적이라는 점을 시사하고 있습니다. 🗓️ 또한, 2023년 연관뉴스 2와 3에서도 최저임금 결정 구조의 문제점을 지적하며, 합리적인 산출 기준 없이 노사 간 갈등으로 파행을 겪는 경우가 많았다는 점을 꼬집고 있어요. 📈 이러한 과거의 사례들은 최저임금 결정이 단순히 숫자를 정하는 것을 넘어, 경제 상황, 물가 상승률, 그리고 사회적 약자를 어떻게 보호할 것인지에 대한 복합적인 고려가 필요함을 보여줍니다. 🧐 현재 경영계는 소상공인의 어려운 경영 환경을, 노동계는 저임금 노동자의 생존권과 소득 불평등 심화를 이유로 각자의 입장을 강조하고 있는데요. 이는 각 주체가 처한 현실적인 어려움과 사회적 요구를 반영하는 것으로, 격차가 쉽게 좁혀지지 않는 근본적인 원인으로 작용하고 있다고 볼 수 있어요. ⚖️
3. 주요 경과: 지금까지의 흐름 (Timeline)
2014년 10월 2015년 적용 최저임금이 노사 합의로 처음 결정되었습니다. 당시 최저임금은 8.4% 인상된 19만 2,950원(월급 기준)으로, 이는 향후 일반 근로자 임금 상승률이 한 자릿수에 머물 것임을 암시하는 결과였습니다. 🕰️ 이 결정으로 노사 관계가 성숙하게 발전할 가능성이 제시되었습니다. 🤝
2016년 7월 2017년 적용 최저임금을 두고 노사 간 이견이 좁혀지지 않아 법정 심의기한을 넘겼습니다. 📅 노동계는 1만원 인상을 주장했으나, 경영계는 경제 상황을 이유로 동결을 주장하며 팽팽히 맞섰습니다. 🗣️ 이러한 상황 속에 최저임금 결정을 국회에서 하자는 주장도 나왔습니다. 🏛️
2023년 6월 정부는 최저임금 인상이 경제 전반에 미치는 영향을 종합적으로 분석하겠다고 밝혔습니다. 📊 최저임금 결정 방식의 개혁 필요성이 제기되었으며, 과거 문재인 정부 5년간 최저임금 인상률이 41.6%에 달했으나 자영업자 부담 가중, 고용 불안 등 부작용이 컸다는 지적이 나왔습니다. 📈 '을과 을의 싸움'으로 비춰지는 최저임금 결정 구조에 대한 비판이 있었습니다. ⚖️
2023년 7월 내년도 최저임금 논의에서 노동계는 1만 2210원, 경영계는 동결을 요구하며 2300원의 격차를 보였습니다. ⚔️ 과거 2년간 노사 합의가 불발되어 공익위원 중재안으로 결정된 전례가 반복되며, 최저임금 결정 구조 개선에 대한 의견이 대두되었습니다. 🗣️ 전문가들은 전문가가 최저임금을 결정하는 방식이나 업종별 차등 적용 방식 등을 제안했습니다. 💡
2025년 6월 2026년 적용 최저임금을 두고 벌어진 노사 간의 격차가 1390원까지 좁혀졌습니다. 좁혀진 격차에도 불구하고, 소상공인과 영세 중소기업의 지불 능력 한계를 호소하는 경영계와 침체된 내수 경기를 고려해야 한다는 노동계의 입장은 여전히 팽팽했습니다. 😥 법정 심의 기한을 넘기게 되면서, 결국 표결로 결정될 가능성이 높아졌습니다. 🗳️
2026년 7월 7일 내년도(2027년 적용) 최저임금을 결정하기 위한 최저임금위원회의 12차 전원회의가 열렸습니다. 🏢 이번 회의에서 노사는 6차 수정안을 제출했으나, 노동계는 1만 1450원, 경영계는 1만 460원을 제시하며 990원의 격차를 좁히지 못했습니다. ⏳ 공익위원들은 노사 자율 합의를 최대한 존중하며 간극이 좁혀지기를 기다리고 있습니다. 🧑⚖️
4. 다각도 분석: 누구에게 어떤 영향을 미칠까?
5. 핵심 시사점: 그래서 무엇이 달라지는가?
2027년 적용 최저임금 협상이 2026년 7월 7일, 6차 수정안까지 제출되었음에도 불구하고 노동계의 1만1450원(10.9% 인상)과 경영계의 1만460원(1.4% 인상)이라는 990원의 격차를 좁히지 못하며 난항을 겪고 있어요. 이는 과거 최저임금 결정 과정에서도 반복되어 온 노사 간의 첨예한 입장 차이를 다시 한번 보여주는 것이에요. 📈
이러한 결정 방식의 어려움은 최저임금 제도가 도입된 1988년 이후에도 꾸준히 지적되어 왔어요. 관련 기사들을 살펴보면, 노사 합의로 결정된 사례가 드물고, 대부분 공익위원들의 중재나 표결로 이어지는 경우가 많았다는 점을 알 수 있죠. 이는 합리적인 산출 기준보다는 양측의 힘겨루기가 우선시되는 구조적인 문제점을 시사해요. ⚖️
과거 사례들을 보면, 최저임금 결정 과정이 '을과 을의 싸움'으로 비춰지면서 사회적 갈등을 부추기는 측면도 있었어요. 2014년 연관뉴스 1에서는 노사 합의로 결정된 사례를 긍정적으로 평가하면서도, 그 이전까지는 난항이 반복되었음을 보여주고 있어요. 또한, 2023년 연관뉴스 2와 3에서는 최저임금 결정 구조 개혁의 필요성과 함께 업종별 차등 적용, 전문가 기반 결정 등 다양한 대안이 논의되었음을 확인할 수 있어요. 💡
결과적으로, 매년 반복되는 최저임금 결정 과정에서의 진통은 제도의 예측 가능성을 낮추고, 소상공인과 자영업자의 경영 부담, 저임금 노동자의 생계 불안 등 경제 주체들에게 불확실성을 안겨주고 있어요. 이번 2027년 최저임금 결정 역시 노사 간의 입장 차이가 얼마나 좁혀질지, 그리고 공익위원들의 중재 역할이 어떤 방향으로 작용할지가 중요한 관전 포인트가 될 것으로 보여요. 🧐
6. 향후 전망: 시나리오별 예측
현 상태 유지 및 안착 시나리오 현재의 논의 흐름이 크게 벗어나지 않고, 노사 양측의 입장 차이가 점진적으로 좁혀져 공익위원회의 중재를 통해 2027년 최저임금이 결정되는 상황을 예상해 볼 수 있어요. 🤝 최저임금위원회가 7월 7일에 열린 12차 전원회의에서 6차 수정안까지 제출되었고, 권순원 최저임금위원장이 노사 자율 합의를 존중하며 공익위원들이 중재에 나설 가능성을 시사한 만큼, 이러한 절차가 반복될 가능성이 높아요. ⏰ 경영계는 소상공인의 어려운 환경을, 노동계는 저임금 노동자의 생존권을 강조하며 각자의 입장을 피력하고 있어, 이러한 공방 속에서 합의점을 찾으려는 노력이 계속될 것으로 보여요. 📊
영향력 확대 및 가속 시나리오 만약 노사 간의 입장 차이가 좀처럼 좁혀지지 않고 공익위원들의 중재 노력마저 난항을 겪을 경우, 최저임금 결정 과정 자체가 사회적 이슈로 더욱 부각될 수 있어요. 📢 지난 2014년(<연관뉴스 1>) 노사 합의로 최저임금이 결정되었던 사례처럼, 이례적인 합의 도출이 어렵거나, 반대로 극심한 대립으로 인해 심의 기한을 넘기는 상황이 반복될 경우, 최저임금 결정 구조 자체에 대한 개혁 요구가 더욱 거세질 수 있어요. ⚖️ 또한, 노동계가 반도체 호황 속에서 소외된 저임금 노동자를 강조하고 있어, 이러한 목소리가 사회 전반에 울려 퍼지며 최저임금 인상의 필요성에 대한 여론이 더욱 힘을 얻을 수도 있어요. 🗣️
변수 발생 및 흐름 반전 시나리오 현재 최저임금 결정 과정은 공익위원회의 중재에 기대를 걸고 있지만, 예상치 못한 외부 변수가 발생할 경우 흐름이 크게 바뀔 수도 있어요. 🚨 예를 들어, 급격한 물가 변동이나 경기 침체와 같은 경제 상황의 변화가 심화된다면, 경영계와 노동계의 입장이 더욱 강경해지거나, 반대로 경제 안정을 위한 정부의 강력한 개입이 이루어질 수도 있어요. 📈 또한, 과거 사례(<연관뉴스 5>)에서처럼 최저임금위원회 구성원의 전원 사퇴나 파행으로 인한 표결 무산 등의 극단적인 상황이 발생한다면, 최저임금 결정이 더욱 복잡해지거나 법정 심의 기한을 넘겨 고용노동부 장관의 고시로 결정될 가능성도 배제할 수 없어요. 💥
[주요 용어 해설 (Glossary)]
최저임금위원회 매년 적용될 최저임금 수준을 결정하는 중요한 기구예요. 근로자위원, 사용자위원, 공익위원 총 27명으로 구성되어 있으며, 노사가 제시한 의견을 바탕으로 최저임금 인상률을 심의하고 결정하는 역할을 해요. 만약 노사 간 합의가 이루어지지 않을 경우, 공익위원들이 중재안을 제시하거나 표결을 통해 최종 결정을 내리기도 합니다. 한국 노동 시장에서 중요한 정책 결정 과정에 참여하는 핵심 기구라고 할 수 있어요. 🇰🇷📢📈
공익위원 최저임금위원회를 구성하는 세 축 중 하나로, 노동계와 경영계의 입장을 중립적으로 조율하고 최종 결정을 돕는 역할을 해요. 주로 학계나 관련 분야 전문가들이 참여하며, 노사 양측의 의견 차이가 클 경우 중재안을 제시하거나 표결을 통해 결정을 유도하는 중요한 책임을 맡고 있어요. 👩🏫👨⚖️⚖️
심의 촉진 구간 최저임금위원회에서 노사 간의 의견 차이가 좁혀지지 않을 때, 공익위원들이 제시하는 일종의 합의 범위라고 생각하면 쉬워요. 이 구간 안에서 노사가 합의점을 찾거나, 만약 합의가 어렵다면 공익위원들이 표결을 통해 최종 최저임금을 결정하게 된답니다. 📈🤝📍
경영계 기업과 사장님들의 입장을 대변하는 단체들을 의미해요. 최저임금 인상 시 기업의 경영 환경에 미치는 부담, 즉 인건비 상승 등을 고려하여 최저임금 인상률을 낮추거나 동결을 주장하는 경향이 있어요. 소상공인이나 영세 중소기업의 어려운 현실을 강조하며 합리적인 수준의 최저임금 결정을 요구합니다. 💼💰🏦
노동계 근로자들의 권익을 보호하고 임금 인상을 주장하는 단체들을 의미해요. 주로 저임금 노동자들의 생계 보장, 물가 상승률 등을 고려하여 최저임금 인상을 강력하게 요구하는 입장이에요. 특히 경제 성장의 혜택이 노동자들에게도 돌아가야 한다고 주장하며, 소득 불평등 해소를 위한 최저임금의 역할을 강조하기도 합니다. 🧑🏭💪✊",2026-07-07,매일경제,https://www.mk.co.kr/news/society/12092644,200,success,,2026-07-14T06:25:36.863037+00:00,news_production_wages.csv
