date,category,article_link
2025-10-10,Security,https://www.newsis.com/view/NISX20251009_0003357065
2025-10-10,Security,http://daily.hankooki.com/news/articleView.html?idxno=1280125
2025-10-10,Security,http://daily.hankooki.com/news/articleView.html?idxno=1277636
2025-10-10,Security,https://www.zdnet.co.kr/view/?no=20251001154900
2025-10-10,Security,https://www.news1.kr/it-science/general-it/5936076
2025-10-13,Security,http://www.asiatoday.co.kr/kn/view.php?key=20250914010007376
2025-10-13,Security,https://biz.heraldcorp.com/article/10590777
2025-10-13,Security,http://www.asiae.co.kr/news/view.htm?idxno=2025101016290250224
2025-10-13,Security,http://www.boannews.com/media/view.asp?idx=139555
2025-10-13,Security,https://www.etnews.com/20251011000005
2025-10-14,Security,http://www.inews24.com/view/1894530
2025-10-14,Security,https://www.news1.kr/local/gyeonggi/5938606
2025-10-14,Security,https://biz.heraldcorp.com/article/10591726
2025-10-14,Security,http://www.boannews.com/media/view.asp?idx=139711
2025-10-14,Security,https://www.hankyung.com/article/2025101357621
2025-10-15,Security,http://www.dtoday.co.kr/news/articleView.html?idxno=733476
2025-10-15,Security,https://www.dt.co.kr/article/12022710?ref=naver
2025-10-15,Security,https://www.etnews.com/20251014000283
2025-10-15,Security,http://www.edaily.co.kr/news/newspath.asp?newsid=03375126642332920
2025-10-15,Security,https://biz.chosun.com/it-science/ict/2025/10/14/J2BEXJIXQJGLHIAAIQUCWAVK2M/
2025-10-16,Security,https://www.yna.co.kr/view/AKR20251015111900057?input=1195m
2025-10-16,Security,https://www.newsis.com/view/NISX20251015_0003363831
2025-10-16,Security,http://www.boannews.com/media/view.asp?idx=139778
2025-10-16,Security,https://www.etnews.com/20251015000247
2025-10-17,Security,https://www.newsis.com/view/NISX20251016_0003365695
2025-10-17,Security,https://www.newsis.com/view/NISX20251015_0003363897
2025-10-17,Security,https://www.etnews.com/20251016000258
2025-10-17,Security,http://www.fnnews.com/news/202510161811409132
2025-10-17,Security,https://www.etnews.com/20251016000245
2025-10-01,Security,https://www.newsis.com/view/NISX20250930_0003350496
2025-10-01,Security,http://www.asiae.co.kr/news/view.htm?idxno=2025093018144817996
2025-10-01,Security,http://www.asiatoday.co.kr/kn/view.php?key=20250930010016318
2025-10-01,Security,https://www.zdnet.co.kr/view/?no=20250930143328
2025-10-20,Security,https://www.newsis.com/view/NISX20251019_0003368083
2025-10-20,Security,https://www.newsis.com/view/NISX20251017_0003366678
2025-10-20,Security,http://www.chosun.com/economy/tech_it/2025/10/17/JQIDMRPOLC4H3KV4ZRVUJ2DIKE/
2025-10-20,Security,https://www.etnews.com/20251017000371
2025-10-20,Security,https://www.mt.co.kr/tech/2025/10/17/2025101714304936028
2025-10-21,Security,https://www.yna.co.kr/view/AKR20251020075000053?input=1195m
2025-10-21,Security,http://www.inews24.com/view/1897344
2025-10-21,Security,https://www.mk.co.kr/article/11446244
2025-10-21,Security,https://www.newstomato.com/ReadNews.aspx?no=1278324
2025-10-21,Security,https://www.zdnet.co.kr/view/?no=20251020132731
2025-10-21,Security,https://biz.heraldcorp.com/article/10595863
2025-10-22,Security,http://www.viva100.com/article/20251021500009
2025-10-22,Security,https://www.seoul.co.kr/news/economy/business-news/2025/10/21/20251021500013
2025-10-22,Security,https://www.dt.co.kr/article/12024114
2025-10-22,Security,https://www.newsis.com/view/NISX20251021_0003370689
2025-10-22,Security,http://www.edaily.co.kr/news/newspath.asp?newsid=03142246642335216
2025-10-23,Security,http://www.fnnews.com/news/202510221529194455
2025-10-23,Security,http://www.asiae.co.kr/news/view.htm?idxno=2025102206581385446
2025-10-23,Security,http://www.asiatoday.co.kr/kn/view.php?key=20251022010008017
2025-10-23,Security,http://www.ekn.kr/web/view.php?key=20251022026268571
2025-10-24,Security,https://biz.heraldcorp.com/article/10600072
2025-10-24,Security,https://www.kmib.co.kr/article/view.asp?arcid=0028866053
2025-10-24,Security,https://www.news1.kr/local/daegu-gyeongbuk/5951329
2025-10-24,Security,https://www.etnews.com/20251023000384
2025-10-24,Security,https://www.news1.kr/world/europe/5951583
2025-10-27,Security,http://www.edaily.co.kr/news/newspath.asp?newsid=03929446642336200
2025-10-27,Security,http://www.asiae.co.kr/news/view.htm?idxno=2025102410280304458
2025-10-27,Security,https://www.mk.co.kr/article/11451038
2025-10-27,Security,https://www.news1.kr/industry/general-industry/5952924
2025-10-27,Security,https://www.etnews.com/20251024000107
2025-10-28,Security,https://www.newsis.com/view/NISX20251027_0003378066
2025-10-28,Security,https://www.hankyung.com/article/2025102737551
2025-10-28,Security,https://www.etnews.com/20251027000312
2025-10-28,Security,https://www.etnews.com/20251020000084
2025-10-28,Security,http://www.boannews.com/media/view.asp?idx=139954
2025-10-29,Security,https://www.news1.kr/society/education/5955246
2025-10-29,Security,https://www.hankyung.com/article/2025102737551
2025-10-29,Security,https://www.etnews.com/20251020000084
2025-10-29,Security,http://www.chosun.com/economy/stock-finance/2025/10/28/A6IOYG3NEF7IN32JTSD2GO2DZQ/
2025-10-29,Security,https://www.etnews.com/20251028000179
2025-10-02,Security,http://www.dtoday.co.kr/news/articleView.html?idxno=732519
2025-10-02,Security,https://www.dnews.co.kr/uhtml/view.jsp?idxno=202510011423075040863
2025-10-02,Security,https://www.mk.co.kr/article/11433846
2025-10-02,Security,https://www.yna.co.kr/view/AKR20251001049300003?input=1195m
2025-10-02,Security,https://www.newsis.com/view/NISX20251001_0003351534
2025-10-30,Security,http://www.edaily.co.kr/news/newspath.asp?newsid=01672806642337840
2025-10-30,Security,http://www.boannews.com/media/view.asp?idx=140024
2025-10-30,Security,http://www.boannews.com/media/view.asp?idx=140029
2025-10-30,Security,https://www.ajunews.com/view/20251028155908806
2025-10-30,Security,https://www.hankyung.com/article/202510290965i
2025-10-31,Security,https://www.seoul.co.kr/news/society/2025/10/30/20251030500153
2025-10-31,Security,http://www.munhwa.com/article/11542960
2025-10-31,Security,https://www.seoul.co.kr/news/publicnews/2025/10/30/20251030500213
2025-10-31,Security,http://www.edaily.co.kr/news/newspath.asp?newsid=01702326642338168
2025-10-31,Security,https://www.etnews.com/20251030000470
2025-11-10,Security,https://www.hankyung.com/article/2025110708681
2025-11-10,Security,http://www.asiatoday.co.kr/kn/view.php?key=20251106010003429
2025-11-10,Security,https://www.etnews.com/20251107000037
2025-11-10,Security,https://www.dnews.co.kr/uhtml/view.jsp?idxno=202511071138195580903
2025-11-10,Security,https://www.donga.com/news/article/all/20251108/132728053/1
2025-11-11,Security,http://www.asiatoday.co.kr/kn/view.php?key=20251110010004766
2025-11-11,Security,https://www.munhwa.com/article/11545584?ref=naver
2025-11-11,Security,https://www.munhwa.com/article/11545686?ref=naver
2025-11-11,Security,https://www.etnews.com/20251110000017
2025-11-11,Security,http://www.boannews.com/media/view.asp?idx=140259
2025-11-12,Security,https://www.mt.co.kr/policy/2025/11/11/2025111113180216695
2025-11-12,Security,https://www.seoul.co.kr/news/publicnews/local_govern/smc_movement/2025/11/11/20251111500175
2025-11-12,Security,https://biz.heraldcorp.com/article/10613601
2025-11-12,Security,http://www.edaily.co.kr/news/newspath.asp?newsid=04975766642364736
2025-11-12,Security,https://www.zdnet.co.kr/view/?no=20251112010323
2025-11-13,Security,https://www.yna.co.kr/view/AKR20251112055600064?input=1195m
2025-11-13,Security,https://www.newsis.com/view/NISX20251112_0003400437
2025-11-13,Security,http://www.inews24.com/view/1906151
2025-11-13,Security,https://www.etnews.com/20251112000059
2025-11-13,Security,http://www.boannews.com/media/view.asp?idx=140310
2025-11-14,Security,https://www.news1.kr/local/sejong-chungbuk/5975156
2025-11-14,Security,https://www.hankyung.com/article/202511129725O
2025-11-14,Security,https://www.mt.co.kr/industry/2025/11/13/2025111313560656804
2025-11-14,Security,https://www.zdnet.co.kr/view/?no=20251113182223
2025-11-14,Security,http://www.asiatoday.co.kr/kn/view.php?key=20251113010007181
2025-11-17,Security,https://www.yna.co.kr/view/AKR20251114013500004?input=1195m
2025-11-17,Security,https://www.seoul.co.kr/news/publicnews/local_govern/kyungki_do/2025/11/17/20251117500002
2025-11-17,Security,https://www.etnews.com/20251114000065
2025-11-17,Security,https://www.hankyung.com/article/202511143882O
2025-11-17,Security,http://www.edaily.co.kr/news/newspath.asp?newsid=05205366642365720
2025-11-18,Security,https://www.etnews.com/20251117000360
2025-11-18,Security,http://www.dtoday.co.kr/news/articleView.html?idxno=739383
2025-11-18,Security,https://www.mk.co.kr/article/11470234
2025-11-18,Security,https://www.newsis.com/view/NISX20251117_0003405792
2025-11-18,Security,https://www.newsis.com/view/NISX20251117_0003406178
2025-11-19,Security,https://www.seoul.co.kr/news/economy/industry/2025/11/19/20251119016008
2025-11-19,Security,https://www.etnews.com/20251118000395
2025-11-19,Security,https://www.zdnet.co.kr/view/?no=20251118200341
2025-11-19,Security,https://www.sedaily.com/NewsView/2H0I4G15VC
2025-11-20,Security,https://www.news1.kr/local/gyeonggi/5981198
2025-11-20,Security,https://www.newsis.com/view/NISX20251119_0003409144
2025-11-20,Security,https://www.mt.co.kr/future/2025/11/19/2025111915054863171
2025-11-20,Security,https://www.etnews.com/20251119000129
2025-11-20,Security,https://www.mt.co.kr/world/2025/11/19/2025111921001520642
2025-11-21,Security,https://www.newsis.com/view/NISX20251120_0003410500
2025-11-21,Security,https://www.etnews.com/20251120000159
2025-11-21,Security,https://www.munhwa.com/article/11548213?ref=naver
2025-11-21,Security,https://www.ajunews.com/view/20251120144614590
2025-11-21,Security,http://www.boannews.com/media/view.asp?idx=140458
2025-11-24,Security,http://www.asiatoday.co.kr/kn/view.php?key=20251121010011448
2025-11-24,Security,http://www.edaily.co.kr/news/newspath.asp?newsid=03434166642368016
2025-11-24,Security,https://www.kmib.co.kr/article/view.asp?arcid=1763540286
2025-11-24,Security,https://www.ajunews.com/view/20251120144614590
2025-11-24,Security,https://www.etnews.com/20251121000255
2025-11-25,Security,https://www.etnews.com/20251124000419
2025-11-25,Security,https://www.mk.co.kr/article/11475209
2025-11-25,Security,https://www.ajunews.com/view/20251124090355107
2025-11-25,Security,https://www.etnews.com/20251124000393
2025-11-25,Security,http://www.boannews.com/media/view.asp?idx=140514
2025-11-26,Security,https://www.sedaily.com/NewsView/2H0LAYLZDG
2025-11-26,Security,http://www.viva100.com/article/20251125500912
2025-11-26,Security,https://www.seoul.co.kr/news/society/accident/2025/11/25/20251125500351
2025-11-26,Security,http://www.munhwa.com/article/11549356
2025-11-26,Security,https://www.ajunews.com/view/20251124143300459
2025-11-27,Security,https://www.etnews.com/20251126000265
2025-11-27,Security,https://www.etnews.com/20251126000065
2025-11-27,Security,https://www.etnews.com/20251126000110
2025-11-27,Security,https://www.g-enews.com/article/Global-Biz/2025/11/202511261155367750e7e8286d56_1
2025-11-28,Security,https://www.yna.co.kr/view/AKR20251127150700530?input=1195m
2025-11-28,Security,https://www.news1.kr/local/jeonbuk/5990706
2025-11-28,Security,http://www.fnnews.com/news/202511271807202549
2025-11-28,Security,http://www.boannews.com/media/view.asp?idx=140595
2025-11-03,Security,https://www.yna.co.kr/view/AKR20251031181600030?input=1195m
2025-11-03,Security,http://www.asiae.co.kr/news/view.htm?idxno=2025103115035969519
2025-11-03,Security,https://www.donga.com/news/article/all/20251030/132668302/1
2025-11-03,Security,http://www.boannews.com/media/view.asp?idx=140068
2025-11-03,Security,http://www.boannews.com/media/view.asp?idx=139963
2025-11-04,Security,https://www.newsis.com/view/NISX20251103_0003387389
2025-11-04,Security,https://www.etnews.com/20251103000289
2025-11-04,Security,https://www.newstomato.com/ReadNews.aspx?no=1280115
2025-11-04,Security,https://www.etnews.com/20251103000116
2025-11-04,Security,http://www.boannews.com/media/view.asp?idx=140039
2025-11-05,Security,https://www.news1.kr/local/sejong-chungbuk/5963841
2025-11-05,Security,https://www.newsis.com/view/NISX20251104_0003389306
2025-11-05,Security,https://www.sedaily.com/NewsView/2H0BNYIWJZ
2025-11-05,Security,https://www.mk.co.kr/article/11458931
2025-11-05,Security,https://www.seoul.co.kr/news/publicnews/local_govern/news_local/2025/11/04/20251104024004
2025-11-06,Security,https://www.hankookilbo.com/News/Read/A2025110514150003429
2025-11-06,Security,https://www.news1.kr/realestate/general/5965404
2025-11-06,Security,https://www.mk.co.kr/article/11460402
2025-11-06,Security,http://www.boannews.com/media/view.asp?idx=140179
2025-11-06,Security,http://www.boannews.com/media/view.asp?idx=140180
2025-11-07,Security,https://www.yna.co.kr/view/AKR20251105171900057?input=1195m
2025-11-07,Security,https://www.etnews.com/20251106000351
2025-11-07,Security,https://www.etnews.com/20251106000218
2025-11-07,Security,https://www.newsis.com/view/NISX20251106_0003392062
2025-11-07,Security,https://www.newsis.com/view/NISX20251106_0003392271
2025-12-10,Security,https://www.yna.co.kr/view/AKR20251209064900004?input=1195m
2025-12-10,Security,https://www.news1.kr/local/busan-gyeongnam/6002936
2025-12-10,Security,https://www.news1.kr/it-science/general-it/6003061
2025-12-10,Security,https://www.etnews.com/20251209000276
2025-12-10,Security,http://www.asiae.co.kr/article/IT/2025120909361364847
2025-12-11,Security,https://www.yna.co.kr/view/AKR20251210126900060?input=1195m
2025-12-11,Security,https://www.news1.kr/local/daegu-gyeongbuk/6003836
2025-12-11,Security,https://www.etnews.com/20251210000314
2025-12-11,Security,https://www.news1.kr/local/daejeon-chungnam/6004241
2025-12-11,Security,http://www.asiatoday.co.kr/kn/view.php?key=20251210010005474
2025-12-12,Security,https://www.news1.kr/local/daejeon-chungnam/6005270
2025-12-12,Security,https://www.news1.kr/local/daejeon-chungnam/6005123
2025-12-12,Security,https://www.news1.kr/it-science/general-it/6004955
2025-12-12,Security,https://www.hankookilbo.com/News/Read/A2025112510540005365
2025-12-12,Security,https://www.dt.co.kr/article/12034569
2025-12-15,Security,http://www.asiae.co.kr/article/social-general/2025121412120881648
2025-12-15,Security,https://www.sedaily.com/NewsView/2H1PQWJM73
2025-12-15,Security,https://www.mk.co.kr/article/11490281
2025-12-15,Security,http://www.boannews.com/media/view.asp?idx=140837
2025-12-15,Security,http://www.boannews.com/media/view.asp?idx=140831
2025-12-15,Security,https://www.etnews.com/20251212000170
2025-12-16,Security,https://www.munhwa.com/article/11554111?ref=naver
2025-12-16,Security,https://www.dnews.co.kr/uhtml/view.jsp?idxno=202512121119103450451
2025-12-16,Security,http://www.chosun.com/economy/tech_it/2025/12/15/GY3DQN3BGEYWCYRRGJRDEMZRMM/
2025-12-16,Security,https://biz.heraldcorp.com/article/10636883
2025-12-16,Security,http://www.boannews.com/media/view.asp?idx=140928
2025-12-17,Security,https://www.yna.co.kr/view/AKR20251216060400064?input=1195m
2025-12-17,Security,http://www.asiae.co.kr/news/view.htm?idxno=2025121515325947766
2025-12-17,Security,https://www.naeil.com/news/read/571202
2025-12-17,Security,https://www.newsis.com/view/NISX20251216_0003443448
2025-12-17,Security,https://biz.heraldcorp.com/article/10637018
2025-12-18,Security,http://www.viva100.com/article/20251216501710
2025-12-18,Security,https://www.news1.kr/local/daegu-gyeongbuk/6011536
2025-12-18,Security,https://www.etnews.com/20251217000126
2025-12-18,Security,https://www.etnews.com/20251217000071
2025-12-18,Security,http://www.boannews.com/media/view.asp?idx=140969
2025-12-19,Security,https://www.sedaily.com/NewsView/2H1S1HBM2W
2025-12-19,Security,https://www.news1.kr/it-science/general-it/6013076
2025-12-19,Security,https://www.etnews.com/20251218000191
2025-12-19,Security,http://www.boannews.com/media/view.asp?idx=140883
2025-12-19,Security,http://www.inews24.com/view/1919315
2025-12-01,Security,https://www.yna.co.kr/view/AKR20251130016000065?input=1195m
2025-12-01,Security,https://www.khan.co.kr/article/202511281628001
2025-12-01,Security,https://www.newsis.com/view/NISX20251128_0003420716
2025-12-01,Security,http://daily.hankooki.com/news/articleView.html?idxno=1302540
2025-12-01,Security,http://www.chosun.com/economy/stock-finance/2025/11/29/GYZDEMRXGE3GMYJYMFRDINBYGE/
2025-12-01,Security,https://www.news1.kr/local/busan-gyeongnam/5991073
2025-12-22,Security,https://www.news1.kr/local/moi/6014067
2025-12-22,Security,http://www.fnnews.com/news/202512210804101746
2025-12-22,Security,https://www.yna.co.kr/view/AKR20251219048800064?input=1195m
2025-12-22,Security,http://www.asiae.co.kr/news/view.htm?idxno=2025121910360766367
2025-12-22,Security,http://www.fnnews.com/news/202512191429192862
2025-12-22,Security,https://www.newsis.com/view/NISX20251219_0003447269
2025-12-23,Security,http://www.asiatoday.co.kr/kn/view.php?key=20251222010011773
2025-12-23,Security,https://www.dt.co.kr/article/12036565
2025-12-23,Security,https://www.etnews.com/20251222000015
2025-12-23,Security,http://www.boannews.com/media/view.asp?idx=141097
2025-12-23,Security,http://www.chosun.com/economy/tech_it/2025/12/22/ME2WKZDFGIYWMODGHE3TOZJWGE/
2025-12-24,Security,https://www.segye.com/newsView/20251223517026
2025-12-24,Security,https://www.news1.kr/it-science/general-it/6018270
2025-12-24,Security,https://www.etnews.com/20251223000360
2025-12-24,Security,https://www.etnews.com/20251223000415
2025-12-24,Security,https://www.etnews.com/20251223000219
2025-12-26,Security,https://www.news1.kr/local/incheon/6018722
2025-12-26,Security,https://www.news1.kr/local/kangwon/6019501
2025-12-26,Security,http://www.boannews.com/media/view.asp?idx=141153
2025-12-26,Security,https://science.ytn.co.kr/program/view.php?mcd=0082&key=202512241127152471
2025-12-26,Security,http://www.boannews.com/media/view.asp?idx=140822
2025-12-29,Security,https://www.naeil.com/news/read/572325
2025-12-29,Security,http://www.boannews.com/media/view.asp?idx=140827
2025-12-29,Security,https://www.mt.co.kr/future/2025/12/28/2025120916490564056
2025-12-29,Security,http://www.asiae.co.kr/news/view.htm?idxno=2025122610015920436
2025-12-29,Security,https://www.zdnet.co.kr/view/?no=20251226090736
2025-12-02,Security,https://www.news1.kr/local/sejong-chungbuk/5994430
2025-12-02,Security,https://www.newsis.com/view/NISX20251201_0003423737
2025-12-02,Security,http://www.inews24.com/view/1912768
2025-12-02,Security,http://www.chosun.com/economy/stock-finance/2025/12/01/MJTGGNRUGBSGEMDGMJQWMNRWHA/
2025-12-02,Security,http://www.edaily.co.kr/news/newspath.asp?newsid=02151686642394256
2025-12-30,Security,https://www.yna.co.kr/view/AKR20251226106300004?input=1195m
2025-12-30,Security,https://www.dnews.co.kr/uhtml/view.jsp?idxno=202512291526569880544
2025-12-30,Security,https://www.mt.co.kr/industry/2025/12/29/2025122910332595342
2025-12-30,Security,https://www.mt.co.kr/industry/2025/12/29/2025122910393235662
2025-12-30,Security,http://www.boannews.com/media/view.asp?idx=141098
2025-12-31,Security,https://www.etnews.com/20251230000003
2025-12-31,Security,https://www.newsis.com/view/NISX20251230_0003459153
2025-12-31,Security,https://www.etnews.com/20251230000136
2025-12-31,Security,https://www.news1.kr/diplomacy/defense-diplomacy/6022955
2025-12-31,Security,https://www.newsis.com/view/NISX20251230_0003460014
2025-12-03,Security,https://www.etnews.com/20251202000130
2025-12-03,Security,https://www.mt.co.kr/policy/2025/12/02/2025120213033090829
2025-12-03,Security,https://www.munhwa.com/article/11551210?ref=naver
2025-12-03,Security,https://www.dt.co.kr/article/12032744
2025-12-03,Security,http://www.ekn.kr/web/view.php?key=20251202020093620
2025-12-04,Security,https://www.news1.kr/local/seoul/5996261
2025-12-04,Security,https://www.zdnet.co.kr/view/?no=20251203093912
2025-12-04,Security,https://www.etnews.com/20251203000283
2025-12-04,Security,https://biz.heraldcorp.com/article/10628464
2025-12-04,Security,http://www.boannews.com/media/view.asp?idx=140716
2025-12-05,Security,http://www.boannews.com/media/view.asp?idx=140727
2025-12-05,Security,http://www.viva100.com/article/20251204500221
2025-12-05,Security,https://www.munhwa.com/article/11551869?ref=naver
2025-12-05,Security,http://www.edaily.co.kr/news/newspath.asp?newsid=03867126642395240
2025-12-05,Security,http://www.boannews.com/media/view.asp?idx=140730
2025-12-08,Security,https://www.news1.kr/society/incident-accident/6000447
2025-12-08,Security,https://www.sedaily.com/NewsView/2H1MZ565S6
2025-12-08,Security,https://www.newscj.com/news/articleView.html?idxno=3348873
2025-12-08,Security,http://www.chosun.com/economy/tech_it/2025/12/06/XSF2MEV65RD7RMCS4JHIGCFAHM/
2025-12-08,Security,http://www.boannews.com/media/view.asp?idx=140650
2025-12-08,Security,https://www.newsis.com/view/NISX20251207_0003431196
2025-12-09,Security,http://www.dtoday.co.kr/news/articleView.html?idxno=743066
2025-12-09,Security,https://www.ajunews.com/view/20251205181637054
2025-12-09,Security,https://www.mt.co.kr/industry/2025/12/08/2025120813195024962
2025-12-09,Security,https://www.newsis.com/view/NISX20251208_0003432146
2025-12-09,Security,https://www.etnews.com/20251205000143
2025-12-09,Security,http://www.boannews.com/media/view.asp?idx=140794
2026-01-12,Security,https://www.seoul.co.kr/news/publicnews/seoul_local/news_seoul/2026/01/09/20260109500108
2026-01-12,Security,https://www.news1.kr/it-science/security-hacking/6033902
2026-01-12,Security,https://www.zdnet.co.kr/view/?no=20260109153957
2026-01-12,Security,https://www.etnews.com/20260109000103
2026-01-12,Security,https://www.hankyung.com/article/2026011138261
2026-01-13,Security,https://www.newsis.com/view/NISX20260112_0003472945
2026-01-13,Security,https://www.seoul.co.kr/news/publicnews/seoul_local/news_seoul/2026/01/12/20260112027004
2026-01-13,Security,https://www.newsis.com/view/NISX20260112_0003473553
2026-01-13,Security,https://www.dt.co.kr/article/12040155?ref=naver
2026-01-13,Security,http://www.boannews.com/media/view.asp?idx=141440
2026-01-14,Security,http://www.boannews.com/media/view.asp?idx=141452
2026-01-14,Security,https://www.mt.co.kr/industry/2026/01/13/2026011309582326900
2026-01-14,Security,http://www.boannews.com/media/view.asp?idx=141473
2026-01-14,Security,http://www.boannews.com/media/view.asp?idx=141475
2026-01-14,Security,https://www.dt.co.kr/article/12040369
2026-01-15,Security,http://www.viva100.com/article/20260114500010
2026-01-15,Security,http://www.edaily.co.kr/news/newspath.asp?newsid=02778166645317720
2026-01-15,Security,https://www.hankyung.com/article/202601141274i
2026-01-15,Security,http://www.boannews.com/media/view.asp?idx=141484
2026-01-15,Security,https://www.ajunews.com/view/20260114144454636
2026-01-16,Security,https://www.hani.co.kr/arti/society/health/1240012.html
2026-01-16,Security,https://www.zdnet.co.kr/view/?no=20260115230028
2026-01-16,Security,https://www.etnews.com/20260115000246
2026-01-16,Security,http://www.fnnews.com/news/202601150926518290
2026-01-16,Security,https://www.g-enews.com/article/Global-Biz/2026/01/202601150954479624e250e8e188_1
2026-01-19,Security,http://www.boannews.com/media/view.asp?idx=141222
2026-01-19,Security,http://www.boannews.com/media/view.asp?idx=141224
2026-01-19,Security,http://www.boannews.com/media/view.asp?idx=141220
2026-01-19,Security,http://www.viva100.com/article/20260118500150
2026-01-19,Security,http://www.boannews.com/media/view.asp?idx=141338
2026-01-19,Security,http://www.boannews.com/media/view.asp?idx=141545
2026-01-20,Security,https://www.newscj.com/news/articleView.html?idxno=3365070
2026-01-20,Security,http://www.asiae.co.kr/news/view.htm?idxno=2026011817162438835
2026-01-20,Security,https://www.etnews.com/20260119000091
2026-01-20,Security,http://www.boannews.com/media/view.asp?idx=141318
2026-01-21,Security,http://daily.hankooki.com/news/articleView.html?idxno=1324273
2026-01-21,Security,https://www.donga.com/news/Economy/article/all/20260120/133195390/2
2026-01-21,Security,http://www.boannews.com/media/view.asp?idx=141342
2026-01-21,Security,http://www.boannews.com/media/view.asp?idx=141344
2026-01-22,Security,http://www.ekn.kr/web/view.php?key=20260121022540782
2026-01-22,Security,http://www.boannews.com/media/view.asp?idx=141347
2026-01-22,Security,http://www.edaily.co.kr/news/newspath.asp?newsid=03955686645320016
2026-01-22,Security,http://www.edaily.co.kr/news/newspath.asp?newsid=04559206645320016
2026-01-22,Security,https://www.sedaily.com/NewsView/2K7E10LU3T
2026-01-23,Security,https://www.zdnet.co.kr/view/?no=20260122090149
2026-01-23,Security,http://www.fnnews.com/news/202601221053040760
2026-01-23,Security,http://www.viva100.com/article/20260122501003
2026-01-23,Security,http://www.boannews.com/media/view.asp?idx=141340
2026-01-23,Security,http://www.boannews.com/media/view.asp?idx=141341
2026-01-26,Security,http://www.asiatoday.co.kr/kn/view.php?key=20260125010011654
2026-01-26,Security,https://biz.heraldcorp.com/article/10661521
2026-01-26,Security,https://www.etnews.com/20260123000079
2026-01-26,Security,http://www.boannews.com/media/view.asp?idx=141645
2026-01-27,Security,http://www.asiatoday.co.kr/kn/view.php?key=20260125010011467
2026-01-27,Security,http://daily.hankooki.com/news/articleView.html?idxno=1326851
2026-01-27,Security,http://www.chosun.com/special/special_section/2026/01/26/GCCHWPDZDRDRXBMTCLSWHULCAA/
2026-01-27,Security,http://www.chosun.com/special/special_section/2026/01/27/PFDH4YU6W5HOVAUEWVZTOQFWII/
2026-01-27,Security,https://www.etnews.com/20260126000242
2026-01-28,Security,https://www.news1.kr/local/kangwon/6052496
2026-01-28,Security,https://www.ajunews.com/view/20260127084554596
2026-01-28,Security,https://www.etnews.com/20260127000383
2026-01-28,Security,https://www.newsis.com/view/NISX20260127_0003491390
2026-01-28,Security,https://www.etnews.com/20260127000232
2026-01-29,Security,https://www.news1.kr/local/sejong-chungbuk/6053428
2026-01-29,Security,https://www.newsis.com/view/NISX20260128_0003493945
2026-01-29,Security,https://www.newsis.com/view/NISX20260128_0003494013
2026-01-29,Security,http://www.dtoday.co.kr/news/articleView.html?idxno=751032
2026-01-29,Security,https://www.etnews.com/20260128000298
2026-01-02,Security,http://www.boannews.com/media/view.asp?idx=141244
2026-01-02,Security,https://www.news1.kr/local/gwangju-jeonnam/6024932
2026-01-02,Security,https://www.newsis.com/view/NISX20251231_0003460817
2026-01-02,Security,http://www.inews24.com/view/1923145
2026-01-02,Security,https://www.etnews.com/20260101000119
2026-01-30,Security,https://www.yna.co.kr/view/AKR20260129066500004?input=1195m
2026-01-30,Security,https://www.news1.kr/local/kangwon/6055664
2026-01-30,Security,https://www.news1.kr/local/ulsan/6055105
2026-01-30,Security,https://www.kmib.co.kr/article/view.asp?arcid=0029321847
2026-01-30,Security,https://www.donga.com/news/article/all/20260128/133242864/2
2026-01-30,Security,https://www.zdnet.co.kr/view/?no=20260129220619
2026-01-05,Security,https://www.hankyung.com/article/202512181494i
2026-01-05,Security,https://www.khan.co.kr/article/202601042126005
2026-01-05,Security,https://www.joongang.co.kr/article/25394683
2026-01-05,Security,https://www.etnews.com/20260104000056
2026-01-06,Security,https://www.dnews.co.kr/uhtml/view.jsp?idxno=202601051057171970292
2026-01-06,Security,https://www.mt.co.kr/policy/2026/01/05/2026010512585411294
2026-01-06,Security,https://www.mt.co.kr/future/2026/01/05/2026010508203696131
2026-01-06,Security,http://www.boannews.com/media/view.asp?idx=141312
2026-01-06,Security,https://www.etnews.com/20260105000449
2026-01-07,Security,https://www.news1.kr/local/seoul/6029622
2026-01-07,Security,http://www.viva100.com/article/20260106500028
2026-01-07,Security,https://www.yna.co.kr/view/AKR20260106096900060?input=1195m
2026-01-07,Security,http://www.chosun.com/economy/tech_it/2026/01/06/GM3TQYJWMYYDIM3GHA4DEMLCMM/
2026-01-07,Security,https://www.etnews.com/20260106000331
2026-01-08,Security,https://www.dt.co.kr/article/12039190?ref=naver
2026-01-08,Security,https://biz.heraldcorp.com/article/10650277
2026-01-08,Security,https://www.hani.co.kr/arti/economy/marketing/1238569.html
2026-01-08,Security,https://www.etnews.com/20260106000435
2026-01-08,Security,https://www.newstomato.com/ReadNews.aspx?no=1287086
2026-01-09,Security,https://www.etnews.com/20260108000003
2026-01-09,Security,http://www.newstour.kr/news/articleView.html?idxno=12056
2026-01-09,Security,https://www.munhwa.com/article/11559338?ref=naver
2026-01-09,Security,https://www.newsis.com/view/NISX20260108_0003469778
2026-01-09,Security,https://www.newsis.com/view/NISX20260108_0003469288
2026-01-09,Security,https://www.etnews.com/20260108000091
2026-02-10,Security,https://www.news1.kr/local/daegu-gyeongbuk/6066859
2026-02-10,Security,https://www.hankyung.com/article/2026020944021
2026-02-10,Security,http://www.boannews.com/media/view.asp?idx=141813
2026-02-10,Security,https://www.hankyung.com/article/2026020928851
2026-02-10,Security,http://www.boannews.com/media/view.asp?idx=142020
2026-02-11,Security,https://www.etnews.com/20260210000340
2026-02-11,Security,http://www.boannews.com/media/view.asp?idx=141919
2026-02-11,Security,http://www.boannews.com/media/view.asp?idx=141863
2026-02-11,Security,http://www.boannews.com/media/view.asp?idx=141864
2026-02-11,Security,http://www.boannews.com/media/view.asp?idx=141877
2026-02-11,Security,https://www.dt.co.kr/article/12046006?ref=naver
2026-02-12,Security,https://www.yna.co.kr/view/AKR20260211069700030?input=1195m
2026-02-12,Security,http://www.asiatoday.co.kr/kn/view.php?key=20260211010004115
2026-02-12,Security,http://www.boannews.com/media/view.asp?idx=141751
2026-02-12,Security,https://www.donga.com/news/Society/article/all/20260211/133344936/1
2026-02-12,Security,https://www.mt.co.kr/future/2026/02/11/2026021110031968144
2026-02-13,Security,https://www.hankookilbo.com/news/article/A2026021216350005998
2026-02-13,Security,https://www.naeil.com/news/read/577992
2026-02-13,Security,https://www.kmib.co.kr/article/view.asp?arcid=0029389660
2026-02-13,Security,http://www.ekn.kr/web/view.php?key=20260211029407221
2026-02-19,Security,http://www.asiatoday.co.kr/kn/view.php?key=20260218010005379
2026-02-19,Security,https://www.zdnet.co.kr/view/?no=20260213155908
2026-02-19,Security,http://www.boannews.com/media/view.asp?idx=141950
2026-02-19,Security,http://www.boannews.com/media/view.asp?idx=141934
2026-02-19,Security,https://www.sedaily.com/article/20009620?ref=naver
2026-02-20,Security,https://www.news1.kr/local/moi/6075770
2026-02-20,Security,http://daily.hankooki.com/news/articleView.html?idxno=1337293
2026-02-20,Security,http://www.viva100.com/article/20260218500646
2026-02-20,Security,https://www.g-enews.com/article/General-News/2026/02/20260219131517229486960e4862_1
2026-02-20,Security,http://www.edaily.co.kr/news/newspath.asp?newsid=04195126645352160
2026-02-20,Security,https://www.mk.co.kr/article/11965654
2026-02-23,Security,http://www.dtoday.co.kr/news/articleView.html?idxno=755105
2026-02-23,Security,https://www.news1.kr/local/jeju/6077690
2026-02-23,Security,http://www.edaily.co.kr/news/newspath.asp?newsid=04273846645352488
2026-02-23,Security,https://www.mk.co.kr/article/11966977
2026-02-23,Security,http://daily.hankooki.com/news/articleView.html?idxno=1337696
2026-02-24,Security,https://www.munhwa.com/article/11569732?ref=naver
2026-02-24,Security,https://www.mt.co.kr/stock/2026/02/23/2026022314204310036
2026-02-24,Security,http://www.edaily.co.kr/news/newspath.asp?newsid=02709286645353472
2026-02-24,Security,https://www.etnews.com/20260223000322
2026-02-24,Security,https://www.hankyung.com/article/202602238092g
2026-02-25,Security,https://www.yna.co.kr/view/AKR20260224071500056?input=1195m
2026-02-25,Security,https://www.yna.co.kr/view/AKR20260224157700057?input=1195m
2026-02-25,Security,https://www.yna.co.kr/view/AKR20260223133500030?input=1195m
2026-02-25,Security,https://www.etnews.com/20260224000030
2026-02-25,Security,https://www.etnews.com/20260223000342
2026-02-25,Security,https://biz.heraldcorp.com/article/10681051
2026-02-26,Security,http://daily.hankooki.com/news/articleView.html?idxno=1339413
2026-02-26,Security,https://www.etnews.com/20260225000120
2026-02-26,Security,http://daily.hankooki.com/news/articleView.html?idxno=1339426
2026-02-26,Security,https://www.etnews.com/20260225000378
2026-02-26,Security,https://www.mk.co.kr/article/11972192
2026-02-27,Security,http://www.chosun.com/economy/tech_it/2026/02/26/GVSDCMTFMNRDSZLFHA4DMNJZMM/
2026-02-27,Security,http://www.viva100.com/article/20260226501624
2026-02-27,Security,http://www.asiae.co.kr/news/view.htm?idxno=2026022608093422099
2026-02-27,Security,http://www.asiatoday.co.kr/kn/view.php?key=20260226001129494
2026-02-02,Security,https://www.news1.kr/local/ulsan/6056665
2026-02-02,Security,https://www.yna.co.kr/view/AKR20260201017600009?input=1195m
2026-02-02,Security,https://www.mt.co.kr/future/2026/01/30/2026013015513516023
2026-02-02,Security,http://www.boannews.com/media/view.asp?idx=141761
2026-02-02,Security,http://www.boannews.com/media/view.asp?idx=141787
2026-02-03,Security,https://www.segye.com/newsView/20260202516396
2026-02-03,Security,https://www.etnews.com/20260202000385
2026-02-03,Security,https://www.mk.co.kr/article/11950504
2026-02-03,Security,http://www.boannews.com/media/view.asp?idx=141702
2026-02-04,Security,https://www.etnews.com/20260203000149
2026-02-04,Security,https://www.zdnet.co.kr/view/?no=20260203095457
2026-02-04,Security,https://www.ajunews.com/view/20260203103224068
2026-02-04,Security,http://www.ekn.kr/web/view.php?key=20260203022295643
2026-02-05,Security,http://www.boannews.com/media/view.asp?idx=141811
2026-02-05,Security,https://www.newsis.com/view/NISX20260204_0003502933
2026-02-05,Security,http://www.boannews.com/media/view.asp?idx=141870
2026-02-05,Security,http://www.boannews.com/media/view.asp?idx=141703
2026-02-05,Security,http://www.boannews.com/media/view.asp?idx=141747
2026-02-06,Security,https://www.ajunews.com/view/20260203155933373
2026-02-06,Security,https://www.mt.co.kr/industry/2026/02/05/2026020508215573162
2026-02-06,Security,https://www.mk.co.kr/article/11954876
2026-02-06,Security,https://www.dt.co.kr/article/12045104?ref=naver
2026-02-06,Security,https://www.newsis.com/view/NISX20260205_0003504494
2026-02-09,Security,https://www.newsis.com/view/NISX20260206_0003505348
2026-02-09,Security,https://www.newscj.com/news/articleView.html?idxno=3372930
2026-02-09,Security,http://www.boannews.com/media/view.asp?idx=141759
2026-02-09,Security,https://biz.heraldcorp.com/article/10671318
2026-02-09,Security,https://www.hankyung.com/article/202602028866r
2026-03-10,Security,https://www.news1.kr/realestate/general/6094314
2026-03-10,Security,https://www.newsis.com/view/NISX20260309_0003540660
2026-03-10,Security,https://www.newsis.com/view/NISX20260309_0003539803
2026-03-10,Security,https://www.dt.co.kr/article/12050484
2026-03-10,Security,https://biz.chosun.com/it-science/ict/2026/03/09/P4XOENTLD5HUPKOKKY3OGKZNV4/
2026-03-11,Security,https://www.etnews.com/20260310000278
2026-03-11,Security,https://www.etnews.com/20260310000279
2026-03-11,Security,https://www.yna.co.kr/view/AKR20260310075000004?input=1195m
2026-03-11,Security,https://www.zdnet.co.kr/view/?no=20260310091933
2026-03-11,Security,https://www.news1.kr/realestate/general/6095236
2026-03-12,Security,http://www.boannews.com/media/view.asp?idx=142441
2026-03-12,Security,https://www.newsis.com/view/NISX20260311_0003543744
2026-03-12,Security,https://biz.heraldcorp.com/article/10691394
2026-03-12,Security,https://www.newsis.com/view/NISX20260311_0003543235
2026-03-12,Security,https://www.zdnet.co.kr/view/?no=20260311102704
2026-03-13,Security,https://www.mt.co.kr/policy/2026/03/12/2026031213480020988
2026-03-13,Security,https://www.newsis.com/view/NISX20260312_0003545591
2026-03-13,Security,http://daily.hankooki.com/news/articleView.html?idxno=1345749
2026-03-13,Security,https://www.dt.co.kr/article/12050980?ref=naver
2026-03-13,Security,http://www.boannews.com/media/view.asp?idx=142602
2026-03-16,Security,http://www.asiatoday.co.kr/kn/view.php?key=20260315010004310
2026-03-16,Security,https://www.zdnet.co.kr/view/?no=20260313111948
2026-03-16,Security,https://www.hankyung.com/article/202603139388O
2026-03-16,Security,http://www.fnnews.com/news/202603131448011327
2026-03-16,Security,https://www.etnews.com/20260313000255
2026-03-17,Security,http://www.inews24.com/view/1949444
2026-03-17,Security,http://www.edaily.co.kr/news/newspath.asp?newsid=03653926645383976
2026-03-17,Security,https://www.etnews.com/20260316000338
2026-03-17,Security,https://www.newsis.com/view/NISX20260316_0003549608
2026-03-17,Security,https://www.zdnet.co.kr/view/?no=20260308184334
2026-03-18,Security,https://www.newsis.com/view/NISX20260317_0003551052
2026-03-18,Security,http://daily.hankooki.com/news/articleView.html?idxno=1347639
2026-03-18,Security,https://www.etnews.com/20260317000102
2026-03-18,Security,https://www.zdnet.co.kr/view/?no=20260317095005
2026-03-18,Security,http://www.fnnews.com/news/202603171826015466
2026-03-23,Security,http://www.boannews.com/media/view.asp?idx=142555
2026-03-23,Security,http://www.boannews.com/media/view.asp?idx=142717
2026-03-23,Security,http://www.boannews.com/media/view.asp?idx=142712
2026-03-23,Security,http://www.boannews.com/media/view.asp?idx=142740
2026-03-23,Security,https://www.seoul.co.kr/news/economy/2026/03/20/20260320500056
2026-03-23,Security,http://www.edaily.co.kr/news/newspath.asp?newsid=02194326645385944
2026-03-24,Security,https://www.newsis.com/view/NISX20260323_0003559917
2026-03-24,Security,http://www.segye.com/newsView/20260323516009
2026-03-24,Security,https://www.yna.co.kr/view/AKR20260323078200017?input=1195m
2026-03-24,Security,https://www.zdnet.co.kr/view/?no=20260323154710
2026-03-24,Security,https://www.yna.co.kr/view/AKR20260323027100003?input=1195m
2026-03-25,Security,https://www.newsis.com/view/NISX20260324_0003561792
2026-03-25,Security,http://www.edaily.co.kr/news/newspath.asp?newsid=03024166645386600
2026-03-25,Security,https://www.mt.co.kr/industry/2026/03/24/2026032410491372877
2026-03-25,Security,https://www.g-enews.com/article/Global-Biz/2026/03/202603241712377910e7e8286d56_1
2026-03-25,Security,https://www.khan.co.kr/article/202603241421001
2026-03-26,Security,https://www.yna.co.kr/view/AKR20260325041300003?input=1195m
2026-03-26,Security,https://www.newsis.com/view/NISX20260324_0003561169
2026-03-26,Security,https://biz.chosun.com/industry/business_info/2026/03/25/KOIDV7VVTRG2LMRYZXMKIB46VQ/
2026-03-26,Security,http://www.boannews.com/media/view.asp?idx=142796
2026-03-26,Security,https://www.hani.co.kr/arti/society/society_general/1251042.html
2026-03-27,Security,http://www.boannews.com/media/view.asp?idx=142835
2026-03-27,Security,http://www.boannews.com/media/view.asp?idx=142861
2026-03-27,Security,http://www.boannews.com/media/view.asp?idx=142833
2026-03-27,Security,http://www.boannews.com/media/view.asp?idx=142847
2026-03-27,Security,http://www.boannews.com/media/view.asp?idx=142830
2026-03-27,Security,http://www.boannews.com/media/view.asp?idx=142834
2026-03-30,Security,https://www.seoul.co.kr/news/society/2026/03/30/20260330010009
2026-03-30,Security,http://www.boannews.com/media/view.asp?idx=142879
2026-03-30,Security,https://www.hankookilbo.com/news/article/A2026032912030005113
2026-03-30,Security,http://www.fnnews.com/news/202603270816105774
2026-03-30,Security,http://www.boannews.com/media/view.asp?idx=142895
2026-03-30,Security,http://www.boannews.com/media/view.asp?idx=142867
2026-03-31,Security,https://www.newsis.com/view/NISX20260330_0003568854
2026-03-31,Security,https://www.etnews.com/20260326000392
2026-03-31,Security,http://www.boannews.com/media/view.asp?idx=142916
2026-03-31,Security,http://www.boannews.com/media/view.asp?idx=142923
2026-03-31,Security,http://www.boannews.com/media/view.asp?idx=142925
2026-03-03,Security,https://www.dnews.co.kr/uhtml/view.jsp?idxno=202603021254319090495
2026-03-03,Security,http://www.fnnews.com/news/202603011025316557
2026-03-03,Security,https://www.donga.com/news/article/all/20260226/133432442/2
2026-03-03,Security,https://www.seoul.co.kr/news/publicnews/local_govern/news_local/2026/03/02/20260302019001
2026-03-03,Security,https://www.donga.com/news/Economy/article/all/20260301/133444488/2
2026-03-04,Security,https://www.asiae.co.kr/article/region/2026030309400277596
2026-03-04,Security,http://www.chosun.com/economy/tech_it/2026/03/03/G44DANLDGQ4DGZLBGVRTOYRWMI/
2026-03-04,Security,https://www.segye.com/newsView/20260303510322
2026-03-04,Security,http://www.boannews.com/media/view.asp?idx=142447
2026-03-04,Security,http://www.boannews.com/media/view.asp?idx=142442
2026-03-05,Security,http://www.edaily.co.kr/news/newspath.asp?newsid=03499766645380040
2026-03-05,Security,https://www.newsis.com/view/NISX20260304_0003534163
2026-03-05,Security,https://www.etnews.com/20260304000409
2026-03-05,Security,https://www.etnews.com/20260304000436
2026-03-05,Security,https://www.newsis.com/view/NISX20260304_0003534639
2026-03-06,Security,http://daily.hankooki.com/news/articleView.html?idxno=1342770
2026-03-06,Security,http://www.ekn.kr/web/view.php?key=20260305023505061
2026-03-06,Security,https://www.newsis.com/view/NISX20260305_0003535637
2026-03-06,Security,http://www.boannews.com/media/view.asp?idx=142482
2026-03-06,Security,http://daily.hankooki.com/news/articleView.html?idxno=1342948
2026-03-09,Security,https://www.newsis.com/view/NISX20260306_0003537392
2026-03-09,Security,http://www.dtoday.co.kr/news/articleView.html?idxno=757689
2026-03-09,Security,http://www.chosun.com/economy/tech_it/2026/03/08/XU5FDVJB5RBO7P2UECZFMNK6NM/
2026-03-09,Security,https://www.sedaily.com/article/20016163?ref=naver
2026-03-09,Security,http://www.chosun.com/national/transport-environment/2026/03/07/KL4633L3LJG67IGGXHM26GIACM/
2026-03-09,Security,https://www.newsis.com/view/NISX20260306_0003537279
2026-03-19,Security,https://www.newsis.com/view/NISX20260318_0003552918
2026-03-19,Security,https://www.zdnet.co.kr/view/?no=20260317170923
2026-03-19,Security,http://www.boannews.com/media/view.asp?idx=142682
2026-03-19,Security,https://www.mk.co.kr/article/11991597
2026-03-19,Security,http://www.edaily.co.kr/news/newspath.asp?newsid=04801926645384632
2026-04-10,Security,http://www.viva100.com/article/20260408500072
2026-04-10,Security,http://www.boannews.com/media/view.asp?idx=143098
2026-04-10,Security,http://www.boannews.com/media/view.asp?idx=143099
2026-04-10,Security,https://www.kmib.co.kr/article/view.asp?arcid=1775633152
2026-04-13,Security,http://www.boannews.com/media/view.asp?idx=143108
2026-04-13,Security,http://www.munhwa.com/article/11581227
2026-04-13,Security,https://www.newsis.com/view/NISX20260412_0003587600
2026-04-13,Security,http://www.chosun.com/economy/tech_it/2026/04/10/XBNDJF3TBNAVVFMKQWGTVR5CSY/
2026-04-14,Security,https://www.dt.co.kr/article/12057094
2026-04-14,Security,https://www.news1.kr/realestate/general/6134000
2026-04-14,Security,https://www.mt.co.kr/industry/2026/04/13/2026041315574819404
2026-04-14,Security,https://www.sedaily.com/article/20031627?ref=naver
2026-04-14,Security,http://www.boannews.com/media/view.asp?idx=143141
2026-04-15,Security,https://www.etnews.com/20260414000097
2026-04-15,Security,https://www.etnews.com/20260414000221
2026-04-15,Security,http://www.fnnews.com/news/202604141445524287
2026-04-15,Security,https://www.etnews.com/20260413000409
2026-04-15,Security,https://www.mt.co.kr/industry/2026/04/14/2026041410320465017
2026-04-16,Security,https://www.donga.com/news/Society/article/all/20260415/133742410/1
2026-04-16,Security,https://www.newsis.com/view/NISX20260415_0003591405
2026-04-16,Security,https://www.etnews.com/20260415000410
2026-04-16,Security,https://www.newsis.com/view/NISX20260415_0003592569
2026-04-16,Security,https://www.news1.kr/local/ulsan/6137811
2026-04-17,Security,https://www.etnews.com/20260416000172
2026-04-17,Security,http://www.boannews.com/media/view.asp?idx=143183
2026-04-17,Security,https://www.yna.co.kr/view/AKR20260416036700017?input=1195m
2026-04-17,Security,https://www.sedaily.com/article/20033532?ref=naver
2026-04-17,Security,https://www.newsis.com/view/NISX20260416_0003594299
2026-04-01,Security,https://www.newsis.com/view/NISX20260331_0003571586
2026-04-01,Security,https://www.news1.kr/local/incheon/6119889
2026-04-01,Security,https://www.seoul.co.kr/news/publicnews/policy_admin/public_org/2026/04/01/20260401014001
2026-04-01,Security,http://www.boannews.com/media/view.asp?idx=142939
2026-04-01,Security,http://www.edaily.co.kr/news/newspath.asp?newsid=04057366645388896
2026-04-01,Security,http://www.boannews.com/media/view.asp?idx=142934
2026-04-20,Security,https://www.etnews.com/20260417000275
2026-04-20,Security,https://www.gukjenews.com/news/articleView.html?idxno=3559345
2026-04-20,Security,http://daily.hankooki.com/news/articleView.html?idxno=1359308
2026-04-20,Security,http://www.edaily.co.kr/news/newspath.asp?newsid=03319366645417104
2026-04-20,Security,http://www.boannews.com/media/view.asp?idx=143210
2026-04-21,Security,https://biz.heraldcorp.com/article/10721436
2026-04-21,Security,https://www.etnews.com/20260420000266
2026-04-21,Security,https://www.donga.com/news/Economy/article/all/20260420/133774213/1
2026-04-21,Security,https://biz.heraldcorp.com/article/10720573
2026-04-21,Security,https://www.etnews.com/20260418000033
2026-04-27,Security,https://www.newsis.com/view/NISX20260424_0003605272
2026-04-27,Security,http://www.chosun.com/economy/smb-venture/2026/04/27/ASXVVKQ52REJFAR4ZK2KO7OCRE/
2026-04-27,Security,http://www.edaily.co.kr/news/newspath.asp?newsid=03903206645419400
2026-04-27,Security,https://biz.heraldcorp.com/article/10724756
2026-04-27,Security,https://www.donga.com/news/Economy/article/all/20260421/133782716/1
2026-04-28,Security,https://www.hankyung.com/article/2026042786091
2026-04-28,Security,https://www.etnews.com/20260427000106
2026-04-28,Security,https://www.etnews.com/20260427000307
2026-04-28,Security,https://www.dt.co.kr/article/12059334
2026-04-29,Security,https://www.gukjenews.com/news/articleView.html?idxno=3568504
2026-04-29,Security,https://www.mt.co.kr/tech/2026/04/28/2026042808432958909
2026-04-29,Security,http://www.asiae.co.kr/news/view.htm?idxno=2026042315590449189
2026-04-29,Security,https://www.segye.com/newsView/20260427514884
2026-04-29,Security,https://www.zdnet.co.kr/view/?no=20260427175909
2026-04-02,Security,https://www.news1.kr/local/seoul/6121152
2026-04-02,Security,https://www.yna.co.kr/view/AKR20260401103400017?input=1195m
2026-04-02,Security,http://www.edaily.co.kr/news/newspath.asp?newsid=04257446645411856
2026-04-02,Security,http://www.boannews.com/media/view.asp?idx=142947
2026-04-02,Security,http://www.boannews.com/media/view.asp?idx=142966
2026-04-30,Security,https://www.yna.co.kr/view/AKR20260429059400056?input=1195m
2026-04-30,Security,http://www.edaily.co.kr/news/newspath.asp?newsid=05290646645421040
2026-04-30,Security,http://www.edaily.co.kr/news/newspath.asp?newsid=03253766645421040
2026-04-30,Security,https://www.sedaily.com/article/20038691?ref=naver
2026-04-03,Security,http://www.munhwa.com/article/11579186
2026-04-03,Security,http://www.viva100.com/article/20260402500634
2026-04-03,Security,https://www.seoul.co.kr/news/publicnews/seoul_local/news_seoul/2026/04/02/20260402500071
2026-04-03,Security,https://www.newsis.com/view/NISX20260402_0003574701
2026-04-03,Security,http://www.edaily.co.kr/news/newspath.asp?newsid=04244326645412184
2026-04-06,Security,https://www.news1.kr/local/moi/6123656
2026-04-06,Security,https://www.etnews.com/20260403000195
2026-04-06,Security,http://www.boannews.com/media/view.asp?idx=142885
2026-04-06,Security,https://www.newscj.com/news/articleView.html?idxno=3391217
2026-04-06,Security,http://www.boannews.com/media/view.asp?idx=142949
2026-04-07,Security,https://www.mk.co.kr/article/12006043
2026-04-07,Security,http://www.segye.com/newsView/20260406504298
2026-04-07,Security,https://www.etnews.com/20260406000040
2026-04-07,Security,http://www.viva100.com/article/20260405500440
2026-04-07,Security,https://www.ajunews.com/view/20260406170100190
2026-04-08,Security,https://www.segye.com/newsView/20260407514404
2026-04-08,Security,https://www.newsis.com/view/NISX20260407_0003580704
2026-04-08,Security,https://www.donga.com/news/article/all/20260408/133693669/2
2026-04-08,Security,https://www.etnews.com/20260407000374
2026-04-08,Security,http://www.asiatoday.co.kr/kn/view.php?key=20260407010002121
2026-04-09,Security,http://www.dtoday.co.kr/news/articleView.html?idxno=764045
2026-04-09,Security,https://biz.heraldcorp.com/article/10712884
2026-04-09,Security,http://www.fnnews.com/news/202604080926467289
2026-04-09,Security,http://www.fnnews.com/news/202604081606299176
2026-04-09,Security,https://biz.chosun.com/stock/market_trend/2026/04/08/MCGKFWSWGFEZ7NEUWVRI7TQEUI/
2026-05-11,Security,https://www.yna.co.kr/view/AKR20260508054600062?input=1195m
2026-05-11,Security,https://www.newsis.com/view/NISX20260508_0003621448
2026-05-11,Security,http://www.boannews.com/media/view.asp?idx=143377
2026-05-11,Security,http://www.boannews.com/media/view.asp?idx=143393
2026-05-11,Security,http://www.boannews.com/media/view.asp?idx=143363
2026-05-12,Security,https://www.news1.kr/local/kangwon/6162415
2026-05-12,Security,https://www.joongang.co.kr/article/25427437
2026-05-12,Security,https://www.yna.co.kr/view/AKR20260511042700004?input=1195m
2026-05-12,Security,http://www.phmbc.co.kr/www/news/desk_news?idx=202162&mode=view
2026-05-12,Security,https://www.mt.co.kr/tech/2026/05/11/2026051109151191709
2026-05-13,Security,https://www.newsis.com/view/NISX20260512_0003625349
2026-05-13,Security,https://www.newsis.com/view/NISX20260512_0003625695
2026-05-13,Security,https://www.gukjenews.com/news/articleView.html?idxno=3579225
2026-05-13,Security,https://www.newsis.com/view/NISX20260512_0003625905
2026-05-13,Security,https://www.newsis.com/view/NISX20260512_0003626220
2026-05-14,Security,https://www.yna.co.kr/view/AKR20260513048700004?input=1195m
2026-05-14,Security,https://www.mt.co.kr/policy/2026/05/13/2026051309102496336
2026-05-14,Security,https://www.newsis.com/view/NISX20260513_0003627815
2026-05-14,Security,http://www.edaily.co.kr/news/newspath.asp?newsid=03624406645448592
2026-05-14,Security,https://biz.chosun.com/industry/business-venture/2026/05/13/RGI3XIIZ3BG7DMUN652T6W7P5Y/
2026-05-15,Security,http://www.inews24.com/view/1968669
2026-05-15,Security,https://www.munhwa.com/article/11588832?ref=naver
2026-05-15,Security,https://www.sedaily.com/article/20044345
2026-05-15,Security,https://www.seoul.co.kr/news/society/2026/05/14/20260514500055
2026-05-15,Security,http://www.ekn.kr/web/view.php?key=20260514028194751
2026-05-18,Security,https://www.etnews.com/20260515000229
2026-05-18,Security,https://www.newsis.com/view/NISX20260515_0003631380
2026-05-18,Security,https://www.newsis.com/view/NISX20260516_0003632136
2026-05-18,Security,http://www.edaily.co.kr/news/newspath.asp?newsid=04319766645449248
2026-05-18,Security,https://www.seoul.co.kr/news/society/2026/05/15/20260515500167
2026-05-19,Security,https://www.yna.co.kr/view/AKR20260518114700065?input=1195m
2026-05-19,Security,http://www.phmbc.co.kr/www/news/desk_news?idx=202265&mode=view
2026-05-19,Security,https://www.mk.co.kr/news/stock/12051453
2026-05-19,Security,https://www.mt.co.kr/stock/2026/05/18/2026051810225754735
2026-05-19,Security,http://www.fnnews.com/news/202605181805102028
2026-05-20,Security,https://www.news1.kr/local/jeju/6171080
2026-05-20,Security,https://www.mt.co.kr/policy/2026/05/19/2026051909332644151
2026-05-20,Security,https://www.dt.co.kr/article/12063257?ref=naver
2026-05-20,Security,https://www.dt.co.kr/article/12063258?ref=naver
2026-05-20,Security,http://www.boannews.com/media/view.asp?idx=143437
2026-05-21,Security,http://www.edaily.co.kr/news/newspath.asp?newsid=02938886645450888
2026-05-21,Security,http://www.chosun.com/economy/real_estate/2026/05/20/MRSDEMTGGYYWMMLDME2GKNTCG4/
2026-05-21,Security,https://www.etnews.com/20260520000441
2026-05-21,Security,https://www.hankyung.com/article/202605210229i
2026-05-21,Security,https://www.news1.kr/photos/7915207
2026-05-22,Security,https://www.munhwa.com/article/11590355?ref=naver
2026-05-22,Security,https://biz.heraldcorp.com/article/10742422
2026-05-22,Security,https://www.yna.co.kr/view/AKR20260521146800062?input=1195m
2026-05-22,Security,https://www.hankookilbo.com/news/article/A2026052010130000128
2026-05-22,Security,https://www.naeil.com/news/read/589443
2026-05-26,Security,https://www.dt.co.kr/article/12064083
2026-05-26,Security,https://dgmbc.com/NewsArticle/841844
2026-05-26,Security,https://www.etnews.com/20260522000062
2026-05-26,Security,http://www.ekn.kr/web/view.php?key=20260522027177277
2026-05-26,Security,https://www.etnews.com/20260522000095
2026-05-27,Security,http://go.seoul.co.kr/news/newsView.php?id=20260526500040
2026-05-27,Security,https://www.mt.co.kr/policy/2026/05/26/2026052610195668132
2026-05-27,Security,https://www.mk.co.kr/news/it/12057700
2026-05-27,Security,https://www.dt.co.kr/article/12064245?ref=naver
2026-05-28,Security,http://www.inews24.com/view/1971699
2026-05-28,Security,https://www.news1.kr/local/gyeonggi/6179139
2026-05-28,Security,https://www.newsis.com/view/NISX20260527_0003646061
2026-05-28,Security,http://www.asiatoday.co.kr/kn/view.php?key=20260527010007854
2026-05-29,Security,http://www.segye.com/newsView/20260527513706
2026-05-29,Security,https://www.kmib.co.kr/article/view.asp?arcid=0029884388
2026-05-29,Security,https://www.edaily.co.kr/news/newspath.asp?newsid=04483766645453512
2026-05-29,Security,https://www.zdnet.co.kr/view/?no=20260528173157
2026-05-29,Security,https://www.zdnet.co.kr/view/?no=20260528163105
2026-05-04,Security,http://www.fnnews.com/news/202605031454513466
2026-05-04,Security,https://www.gukjenews.com/news/articleView.html?idxno=3572349
2026-05-04,Security,http://www.boannews.com/media/view.asp?idx=143395
2026-05-04,Security,http://www.boannews.com/media/view.asp?idx=143406
2026-05-04,Security,http://www.boannews.com/media/view.asp?idx=143379
2026-05-06,Security,https://www.yna.co.kr/view/AKR20260504142800530?input=1195m
2026-05-06,Security,http://www.edaily.co.kr/news/newspath.asp?newsid=02440326645445640
2026-05-06,Security,http://www.edaily.co.kr/news/newspath.asp?newsid=02643686645445968
2026-05-06,Security,https://www.donga.com/news/Society/article/all/20260505/133865558/2
2026-05-06,Security,http://www.boannews.com/media/view.asp?idx=143478
2026-05-07,Security,https://biz.chosun.com/industry/business_info/2026/05/06/I3JPJB2NBVHETBLX6COFGXH2XI/
2026-05-07,Security,https://www.news1.kr/society/environment/6158006
2026-05-07,Security,https://www.news1.kr/press/press-release/6158279
2026-05-07,Security,https://www.news1.kr/local/gwangju-jeonnam/6158025
2026-05-08,Security,http://zdnet.co.kr/view/?no=20260507175728
2026-05-08,Security,http://www.boannews.com/media/view.asp?idx=143405
2026-05-08,Security,https://www.yna.co.kr/view/AKR20260507109400056?input=1195m
2026-05-08,Security,https://www.newsis.com/view/NISX20260507_0003619613
2026-06-10,Security,https://www.yna.co.kr/view/AKR20260609059000062?input=1195m
2026-06-10,Security,https://www.gukjenews.com/news/articleView.html?idxno=3603894
2026-06-10,Security,https://www.newsis.com/view/NISX20260609_0003661981
2026-06-10,Security,https://www.donga.com/news/Society/article/all/20260608/134051525/2
2026-06-10,Security,https://www.newsis.com/view/NISX20260609_0003661548
2026-06-10,Security,https://biz.chosun.com/international/international_general/2026/06/09/XL2WXR4PWRH3FDUZSTBNPPHB4M/
2026-06-11,Security,https://www.yna.co.kr/view/AKR20260610046000062?input=1195m
2026-06-11,Security,https://biz.heraldcorp.com/article/10767833
2026-06-11,Security,https://www.etnews.com/20260610000168
2026-06-11,Security,https://www.edaily.co.kr/news/newspath.asp?newsid=04532966645480408
2026-06-11,Security,https://www.news1.kr/economy/trend/6193435
2026-06-12,Security,https://www.yna.co.kr/view/AKR20260611117200056?input=1195m
2026-06-12,Security,https://www.dt.co.kr/article/12067102
2026-06-12,Security,https://www.yna.co.kr/view/AKR20260611086400051?input=1195m
2026-06-12,Security,https://www.edaily.co.kr/news/newspath.asp?newsid=04834726645480736
2026-06-12,Security,https://www.etnews.com/20260611000220
2026-06-15,Security,http://daily.hankooki.com/news/articleView.html?idxno=1376061
2026-06-15,Security,https://www.hankookilbo.com/news/article/A2026061113260005938
2026-06-15,Security,https://www.segye.com/newsView/20260613502861
2026-06-15,Security,https://www.joongang.co.kr/article/25436455
2026-06-15,Security,https://www.news1.kr/local/daegu-gyeongbuk/6195551
2026-06-15,Security,https://www.mt.co.kr/stock/2026/06/12/2026061214241357459
2026-06-16,Security,https://www.newscj.com/news/articleView.html?idxno=3409430
2026-06-16,Security,https://www.etnews.com/20260615000421
2026-06-16,Security,https://www.zdnet.co.kr/view/?no=20260615111229
2026-06-16,Security,http://www.asiae.co.kr/news/view.htm?idxno=2026061509340183816
2026-06-16,Security,http://www.boannews.com/media/view.asp?idx=144114
2026-06-17,Security,https://www.yna.co.kr/view/AKR20260616030600004?input=1195m
2026-06-17,Security,https://www.newsis.com/view/NISX20260616_0003671042
2026-06-17,Security,https://www.gukjenews.com/news/articleView.html?idxno=3609451
2026-06-17,Security,https://biz.heraldcorp.com/article/10772519
2026-06-17,Security,https://www.zdnet.co.kr/view/?no=20260616125318
2026-06-18,Security,https://www.gukjenews.com/news/articleView.html?idxno=3610650
2026-06-18,Security,https://www.etnews.com/20260617000328
2026-06-18,Security,https://biz.heraldcorp.com/article/10773505
2026-06-18,Security,https://www.hankyung.com/article/2026061711891
2026-06-18,Security,https://www.mk.co.kr/news/it/12076435
2026-06-19,Security,http://www.inews24.com/view/1977594
2026-06-19,Security,http://www.asiae.co.kr/news/view.htm?idxno=2026061810174416873
2026-06-19,Security,https://biz.heraldcorp.com/article/10774315
2026-06-19,Security,https://www.joongang.co.kr/article/25437709
2026-06-01,Security,http://www.inews24.com/view/1972403
2026-06-01,Security,http://www.asiae.co.kr/news/view.htm?idxno=2026053111035752685
2026-06-01,Security,https://www.etnews.com/20260529000248
2026-06-01,Security,https://www.g-enews.com/article/Real-Estate/2026/05/202605291146249446a9fc143920_1
2026-06-01,Security,https://www.hankookilbo.com/news/article/A2026052911170001224
2026-06-22,Security,http://daily.hankooki.com/news/articleView.html?idxno=1378124
2026-06-22,Security,https://www.news1.kr/local/kangwon/6202646
2026-06-22,Security,http://www.ekn.kr/web/view.php?key=20260619023544474
2026-06-22,Security,http://ceoscoredaily.com/page/view/2026061812373146996
2026-06-23,Security,https://www.news1.kr/press/press-release/6204627
2026-06-23,Security,https://www.newsis.com/view/NISX20260622_0003677593
2026-06-23,Security,http://daily.hankooki.com/news/articleView.html?idxno=1378526
2026-06-23,Security,http://www.asiae.co.kr/news/view.htm?idxno=2026062208084172660
2026-06-23,Security,https://www.zdnet.co.kr/view/?no=20260619200434
2026-06-24,Security,https://www.newsis.com/view/NISX20260623_0003679787
2026-06-24,Security,https://www.etnews.com/20260622000153
2026-06-24,Security,https://www.newsis.com/view/NISX20260623_0003680280
2026-06-24,Security,https://www.etnews.com/20260622000036
2026-06-24,Security,https://www.hankyung.com/article/202606232317O
2026-06-25,Security,https://www.newsis.com/view/NISX20260624_0003681796
2026-06-25,Security,https://www.dtoday.co.kr/news/articleView.html?idxno=777157
2026-06-25,Security,https://www.newsis.com/view/NISX20260624_0003681763
2026-06-25,Security,https://www.news1.kr/realestate/general/6206617
2026-06-25,Security,https://www.dt.co.kr/article/12069319?ref=naver
2026-06-26,Security,https://www.sedaily.com/article/20060234
2026-06-26,Security,https://www.mt.co.kr/future/2026/06/25/2026062511310743973
2026-06-26,Security,https://www.dt.co.kr/article/12069452?ref=naver
2026-06-26,Security,https://www.newscj.com/news/articleView.html?idxno=3411844
2026-06-26,Security,https://www.ajunews.com/view/20260625153652026
2026-06-29,Security,https://www.hankyung.com/article/2026062823171
2026-06-29,Security,https://www.zdnet.co.kr/view/?no=20260628104023
2026-06-29,Security,https://www.etnews.com/20260626000027
2026-06-29,Security,https://www.edaily.co.kr/news/newspath.asp?newsid=01577686645486312
2026-06-29,Security,https://www.segye.com/newsView/20260625515855
2026-06-02,Security,https://www.etnews.com/20260601000087
2026-06-02,Security,http://www.asiae.co.kr/news/view.htm?idxno=2026060115001879976
2026-06-02,Security,https://www.mt.co.kr/living/2026/06/01/2026060109100158464
2026-06-02,Security,http://www.boannews.com/media/view.asp?idx=143857
2026-06-02,Security,http://www.chosun.com/economy/tech_it/2026/06/01/GFSDSOBYMY2DQZJVGNRWIZRUME/
2026-06-30,Security,https://www.newsis.com/view/NISX20260629_0003687249
2026-06-30,Security,https://www.edaily.co.kr/news/newspath.asp?newsid=03093046645486640
2026-06-30,Security,http://www.asiatoday.co.kr/kn/view.php?key=20260624010008667
2026-06-30,Security,https://www.mt.co.kr/tech/2026/06/29/2026062910101174138
2026-06-04,Security,https://www.dtoday.co.kr/news/articleView.html?idxno=773472
2026-06-04,Security,https://www.donga.com/news/article/all/20260603/134042960/2
2026-06-04,Security,https://www.etnews.com/20260603000141
2026-06-04,Security,http://www.boannews.com/media/view.asp?idx=143932
2026-06-05,Security,https://www.mt.co.kr/policy/2026/06/04/2026060415092936074
2026-06-05,Security,https://www.news1.kr/it-science/general-it/6187634
2026-06-05,Security,https://www.edaily.co.kr/news/newspath.asp?newsid=05503846645478440
2026-06-05,Security,https://www.newsis.com/view/NISX20260604_0003656516
2026-06-05,Security,https://www.mt.co.kr/stock/2026/06/04/2026060413555740518
2026-06-08,Security,https://www.naeil.com/news/read/590858
2026-06-08,Security,https://www.tbc.co.kr/news/view?pno=20260604181204AE00684&id=207078
2026-06-08,Security,http://www.boannews.com/media/view.asp?idx=143972
2026-06-08,Security,http://www.chosun.com/economy/science/2026/06/07/GI4TSZRRME2DMMZVMNRTGNTBGA/
2026-06-08,Security,http://www.boannews.com/media/view.asp?idx=143973
2026-06-09,Security,https://www.newsis.com/view/NISX20260608_0003660534
2026-06-09,Security,http://www.boannews.com/media/view.asp?idx=143880
2026-06-09,Security,http://www.boannews.com/media/view.asp?idx=143831
2026-06-09,Security,http://www.boannews.com/media/view.asp?idx=143862
2026-06-09,Security,https://www.yna.co.kr/view/AKR20260608148700009?input=1195m
2026-07-01,Security,http://www.asiae.co.kr/news/view.htm?idxno=2026063011001131893
2026-07-01,Security,https://www.news1.kr/press/press-release/6212476
2026-07-01,Security,http://www.boannews.com/media/view.asp?idx=144401
2026-07-01,Security,http://www.boannews.com/media/view.asp?idx=144419
2026-07-01,Security,https://www.mt.co.kr/future/2026/06/30/2026063014201554235
2026-07-02,Security,http://www.fnnews.com/news/202607011810296277
2026-07-02,Security,https://www.newsis.com/view/NISX20260701_0003691753
2026-07-02,Security,http://www.boannews.com/media/view.asp?idx=144406
2026-07-02,Security,http://www.boannews.com/media/view.asp?idx=144420
2026-07-03,Security,https://www.yna.co.kr/view/RPR20260702005300353
2026-07-03,Security,https://www.news1.kr/local/seoul/6215864
2026-07-03,Security,http://www.boannews.com/media/view.asp?idx=144463
2026-07-03,Security,https://www.news1.kr/it-science/cc-newmedia/6215294
2026-07-03,Security,http://www.boannews.com/media/view.asp?idx=144446
2026-07-06,Security,http://www.boannews.com/media/view.asp?idx=144371
2026-07-06,Security,https://www.dt.co.kr/article/12070976?ref=naver
2026-07-06,Security,http://www.inews24.com/view/1982388
2026-07-06,Security,https://www.hani.co.kr/arti/economy/economy_general/1266756.html
2026-07-06,Security,http://www.boannews.com/media/view.asp?idx=143840
2026-07-07,Security,https://www.gukjenews.com/news/articleView.html?idxno=3627428
2026-07-07,Security,https://www.sedaily.com/article/20064359
2026-07-07,Security,http://www.asiatoday.co.kr/kn/view.php?key=20260706010001770
2026-07-07,Security,https://www.mt.co.kr/policy/2026/07/06/2026070614145182989
2026-07-07,Security,https://www.dnews.co.kr/uhtml/view.jsp?idxno=202607051401316800958
2026-07-08,Security,https://www.etnews.com/20260707000020
2026-07-08,Security,https://www.yna.co.kr/view/AKR20260707067000053?input=1195m
2026-07-08,Security,https://www.edaily.co.kr/news/newspath.asp?newsid=02515766645512224
2026-07-08,Security,https://www.edaily.co.kr/news/newspath.asp?newsid=03660486645512224
2026-07-09,Security,https://www.munhwa.com/article/11601123?ref=naver
2026-07-09,Security,http://daily.hankooki.com/news/articleView.html?idxno=1383928
2026-07-09,Security,https://www.seoul.co.kr/news/economy/2026/07/08/20260708500051
2026-07-09,Security,https://biz.heraldcorp.com/article/10802239
2026-07-09,Security,http://www.fnnews.com/news/202607081023030185
2025-09-10,Security,https://www.newsis.com/view/NISX20250909_0003321870
2025-09-10,Security,https://www.ajunews.com/view/20250908074819241
2025-09-10,Security,https://www.news1.kr/local/sejong-chungbuk/5905757
2025-09-10,Security,http://www.boannews.com/media/view.asp?idx=139147
2025-09-10,Security,https://www.mk.co.kr/article/11414323
2025-09-11,Security,https://www.munhwa.com/article/11532119?ref=naver
2025-09-11,Security,https://www.newsis.com/view/NISX20250910_0003323516
2025-09-11,Security,https://www.sedaily.com/NewsView/2GXUKG0IE8
2025-09-11,Security,http://www.edaily.co.kr/news/newspath.asp?newsid=03037286642298808
2025-09-11,Security,https://www.yna.co.kr/view/AKR20250910043900017?input=1195m
2025-09-12,Security,https://www.newsis.com/view/NISX20250911_0003324533
2025-09-12,Security,http://www.dtoday.co.kr/news/articleView.html?idxno=728813
2025-09-12,Security,https://www.ajunews.com/view/20250911140220757
2025-09-15,Security,https://www.etnews.com/20250914000089
2025-09-15,Security,https://www.zdnet.co.kr/view/?no=20250914180320
2025-09-15,Security,https://www.yna.co.kr/view/AKR20250912153100017?input=1195m
2025-09-15,Security,https://www.hankookilbo.com/News/Read/A2025091114280005413
2025-09-15,Security,http://www.chosun.com/economy/tech_it/2025/09/14/Q2NXJ754RQ75NR7GIQGDR67VTA/
2025-09-16,Security,http://www.dtoday.co.kr/news/articleView.html?idxno=729210
2025-09-16,Security,https://www.etnews.com/20250915000428
2025-09-16,Security,http://www.asiae.co.kr/news/view.htm?idxno=2025091514404651031
2025-09-16,Security,https://www.etnews.com/20250915000242
2025-09-16,Security,https://www.ajunews.com/view/20250915142428814
2025-09-17,Security,http://www.viva100.com/article/20250915501603
2025-09-17,Security,https://biz.heraldcorp.com/article/10576474
2025-09-17,Security,https://www.etnews.com/20250916000160
2025-09-17,Security,https://www.hankyung.com/article/202509166285i
2025-09-17,Security,https://www.dt.co.kr/article/12018165?ref=naver
2025-09-19,Security,https://www.g-enews.com/article/General-News/2025/09/2025091814015457769dfa2aa8ed_1
2025-09-19,Security,http://www.chosun.com/economy/industry-company/2025/09/18/TOEHV3T26OLIVOVTPE4VIDPET4/
2025-09-19,Security,http://ceoscoredaily.com/page/view/2025091809591518932
2025-09-19,Security,https://news.mt.co.kr/mtview.php?no=2025090310392315618
2025-09-19,Security,https://www.etnews.com/20250918000401
2025-09-01,Security,https://www.munhwa.com/article/11529293?ref=naver
2025-09-01,Security,http://www.asiae.co.kr/news/view.htm?idxno=2025083109284385995
2025-09-01,Security,http://www.boannews.com/media/view.asp?idx=138969
2025-09-01,Security,http://www.boannews.com/media/view.asp?idx=138987
2025-09-01,Security,https://www.newsis.com/view/NISX20250829_0003308457
2025-09-22,Security,http://www.viva100.com/article/20250919500024
2025-09-22,Security,https://www.news1.kr/it-science/security-hacking/5918791
2025-09-22,Security,https://www.sedaily.com/NewsView/2GXZ49HU59
2025-09-22,Security,https://www.etnews.com/20250910000272
2025-09-22,Security,https://www.newsis.com/view/NISX20250919_0003335770
2025-09-23,Security,https://www.newsis.com/view/NISX20250922_0003337950
2025-09-23,Security,https://www.etnews.com/20250922000397
2025-09-23,Security,https://www.etnews.com/20250922000399
2025-09-23,Security,https://www.donga.com/news/article/all/20250921/132432181/2
2025-09-24,Security,https://biz.heraldcorp.com/article/10581021
2025-09-24,Security,https://www.yna.co.kr/view/AKR20250922156600004?input=1195m
2025-09-24,Security,https://www.newsis.com/view/NISX20250923_0003340381
2025-09-24,Security,http://www.viva100.com/article/20250922500374
2025-09-24,Security,http://www.asiatoday.co.kr/kn/view.php?key=20250923001103339
2025-09-24,Security,http://www.edaily.co.kr/news/newspath.asp?newsid=04106566642303072
2025-09-25,Security,https://www.segye.com/newsView/20250924500903
2025-09-25,Security,https://www.mt.co.kr/industry/2025/09/24/2025092410341660694
2025-09-25,Security,https://biz.heraldcorp.com/article/10582155
2025-09-25,Security,https://www.etnews.com/20250924000135
2025-09-25,Security,https://www.etnews.com/20250924000294
2025-09-26,Security,http://www.asiae.co.kr/news/view.htm?idxno=2025092411072372536
2025-09-26,Security,https://www.etnews.com/20250925000106
2025-09-26,Security,https://www.mk.co.kr/article/11428887
2025-09-26,Security,https://www.naeil.com/news/read/562582
2025-09-29,Security,https://www.newsis.com/view/NISX20250731_0003273685
2025-09-29,Security,https://www.news1.kr/local/sejong-chungbuk/5925842
2025-09-29,Security,https://www.newsis.com/view/NISX20250926_0003344881
2025-09-29,Security,https://www.etnews.com/20250926000129
2025-09-29,Security,https://www.etnews.com/20250926000126
2025-09-29,Security,https://www.etnews.com/20250926000127
2025-09-02,Security,https://www.news1.kr/society/incident-accident/5896671
2025-09-02,Security,http://www.viva100.com/article/20250901500543
2025-09-02,Security,https://www.yna.co.kr/view/AKR20250901053900003?input=1195m
2025-09-02,Security,http://www.asiatoday.co.kr/kn/view.php?key=20250822010010898
2025-09-02,Security,http://www.boannews.com/media/view.asp?idx=138945
2025-09-30,Security,https://www.yna.co.kr/view/AKR20250929064000017?input=1195m
2025-09-30,Security,http://www.fnnews.com/news/202509291814135580
2025-09-30,Security,https://www.kmib.co.kr/article/view.asp?arcid=1759033215
2025-09-30,Security,https://www.kmib.co.kr/article/view.asp?arcid=1759032862
2025-09-03,Security,https://www.joongang.co.kr/article/25363660
2025-09-03,Security,https://www.sedaily.com/NewsView/2GXQWMCJPY
2025-09-03,Security,https://www.newsis.com/view/NISX20250902_0003313098
2025-09-03,Security,https://www.zdnet.co.kr/view/?no=20250902103939
2025-09-04,Security,https://www.sedaily.com/NewsView/2GXRB1WCT3
2025-09-04,Security,http://www.chosun.com/economy/real_estate/2025/09/03/UCEJHS6ZDZZYOFROZCYBWXXB44/
2025-09-04,Security,https://www.sedaily.com/NewsView/2GXRCBXB6H
2025-09-04,Security,http://www.boannews.com/media/view.asp?idx=138953
2025-09-05,Security,https://www.news1.kr/local/ulsan/5901016
2025-09-05,Security,https://www.newsis.com/view/NISX20250904_0003315702
2025-09-05,Security,https://www.etnews.com/20250904000099
2025-09-05,Security,https://www.zdnet.co.kr/view/?no=20250904102433
2025-09-05,Security,http://www.edaily.co.kr/news/newspath.asp?newsid=03135686642296840
2025-09-08,Security,https://www.newsis.com/view/NISX20250708_0003243318
2025-09-08,Security,https://www.newsis.com/view/NISX20250905_0003317428
2025-09-08,Security,https://www.newsis.com/view/NISX20250905_0003317025
2025-09-08,Security,https://www.etnews.com/20250905000220
2025-09-08,Security,http://www.ekn.kr/web/view.php?key=20250905028094091
2025-09-09,Security,https://www.newsis.com/view/NISX20250908_0003319559
2025-09-09,Security,http://www.asiae.co.kr/news/view.htm?idxno=2025090723385907640
2025-09-09,Security,https://www.sedaily.com/NewsView/2GXTKMNDYD
2025-09-09,Security,http://www.fnnews.com/news/202509081437370278
2025-09-09,Security,http://www.edaily.co.kr/news/newspath.asp?newsid=03867126642298152
2026-03-20,Security,http://www.boannews.com/media/view.asp?idx=142691
2026-03-20,Security,http://www.asiae.co.kr/news/view.htm?idxno=2026031917240563437
2026-03-20,Security,https://www.zdnet.co.kr/view/?no=20260319093020
2026-03-20,Security,http://www.boannews.com/media/view.asp?idx=142699
2026-03-20,Security,http://www.asiae.co.kr/news/view.htm?idxno=2026031910011272451
